,Standardized_InChIKey_chembl,CHEMBL1741321
0,SXJIZQPZESTWLD-UHFFFAOYSA-N,0.0
1,NBLBCGUCPBXKOV-UHFFFAOYSA-N,0.0
2,COBBNRKBTCBWQP-UHFFFAOYSA-N,1.0
3,GUGOEEXESWIERI-UHFFFAOYSA-N,
4,QELUYTUMUWHWMC-UHFFFAOYSA-N,0.0
5,IPEATIREFBKQKS-UHFFFAOYSA-N,0.0
6,SEEPANYCNGTZFQ-UHFFFAOYSA-N,0.0
7,KSEBMYQBYZTDHS-HWKANZROSA-N,
8,TXCGAZHTZHNUAI-UHFFFAOYSA-N,0.0
9,JLKIGFTWXXRPMT-UHFFFAOYSA-N,0.0
10,CWXYHOHYCJXYFQ-UHFFFAOYSA-N,
11,KPYSYYIEGFHWSV-UHFFFAOYSA-N,
12,JIVZKJJQOZQXQB-UHFFFAOYSA-N,
13,JQICNNKLTFYSLS-UHFFFAOYSA-N,0.0
14,OBKXEAXTFZPCHS-UHFFFAOYSA-N,
15,VHFVKMTVMIZMIK-UHFFFAOYSA-N,1.0
16,RKWGIWYCVPQPMF-UHFFFAOYSA-N,0.0
17,GGALEXMXDMUMDM-UHFFFAOYSA-N,0.0
18,HBOMLICNUCNMMY-XLPZGREQSA-N,
19,OIRDTQYFTABQOQ-UHFFFAOYSA-N,0.0
20,DGMPVYSXXIOGJY-UHFFFAOYSA-N,0.0
21,CPJSUEIXXCENMM-UHFFFAOYSA-N,0.0
22,SPHRJZBOFYIKMC-UHFFFAOYSA-N,
23,FNQQBFNIYODEMB-UHFFFAOYSA-N,0.0
24,WPVVMKYQOMJPIN-UHFFFAOYSA-N,1.0
25,MTXSIJUGVMTTMU-JTQLQIEISA-N,0.0
26,ANFXSJDPGZAMEP-UHFFFAOYSA-N,0.0
27,APIXJSLKIYYUKG-UHFFFAOYSA-N,0.0
28,KSCFJBIXMNOVSH-UHFFFAOYSA-N,
29,HSRJKNPTNIJEKV-UHFFFAOYSA-N,
30,DHSSDEDRBUKTQY-UHFFFAOYSA-N,
31,GSNOZLZNQMLSKJ-UHFFFAOYSA-N,0.0
32,ICFJFFQQTFMIBG-UHFFFAOYSA-N,
33,KWGRBVOPPLSCSI-WCBMZHEXSA-N,
34,NGYYAZPHRXDUDE-UHFFFAOYSA-N,0.0
35,AQIXAKUUQRKLND-UHFFFAOYSA-N,0.0
36,YDDXVAXDYKBWDX-UHFFFAOYSA-N,1.0
37,DKNWSYNQZKUICI-UHFFFAOYSA-N,0.0
38,AUZONCFQVSMFAP-UHFFFAOYSA-N,0.0
39,RCKMWOKWVGPNJF-UHFFFAOYSA-N,
40,BGKFPRIGXAVYNX-UHFFFAOYSA-N,0.0
41,UAWVRVFHMOSAPU-UHFFFAOYSA-N,0.0
42,VTJXFTPMFYAJJU-UHFFFAOYSA-N,
43,YZOFLYUAQDJWKV-UHFFFAOYSA-N,0.0
44,WZBWBNCQUTXYEL-UHFFFAOYSA-N,0.0
45,VGLDMXKYORGLEN-GQCTYLIASA-N,0.0
46,WJCNZQLZVWNLKY-UHFFFAOYSA-N,
47,JFSXSNSCPNFCDM-UHFFFAOYSA-N,0.0
48,HCZHHEIFKROPDY-UHFFFAOYSA-N,0.0
49,USOXQZNJFMKTKJ-XVNBXDOJSA-N,0.0
50,HSHNITRMYYLLCV-UHFFFAOYSA-N,0.0
51,RODXRVNMMDRFIK-UHFFFAOYSA-N,0.0
52,XOXHILFPRYWFOD-UHFFFAOYSA-N,0.0
53,PYLQFLPNCXPNNY-UHFFFAOYSA-N,0.0
54,PUHRXUBGHPMXEK-UHFFFAOYSA-N,0.0
55,QANMHLXAZMSUEX-UHFFFAOYSA-N,0.0
56,XYLJNLCSTIOKRM-UHFFFAOYSA-N,0.0
57,VDWBOEDWXSJGGH-UHFFFAOYSA-N,0.0
58,YTJOHEUHUVBKSB-UHFFFAOYSA-N,
59,MQSSFHXQKUSFIW-UHFFFAOYSA-N,0.0
60,IPAZIKZSNCFZNP-UHFFFAOYSA-N,0.0
61,VLOBVPWHRDRZQF-UHFFFAOYSA-N,
62,MKXKFYHWDHIYRV-UHFFFAOYSA-N,0.0
63,QDZRKMVGVOWFHT-UHFFFAOYSA-N,0.0
64,GECHUMIMRBOMGK-UHFFFAOYSA-N,0.0
65,QPFYXYFORQJZEC-FOCLMDBBSA-N,
66,IVCMOOBKRRDNHX-UHFFFAOYSA-N,0.0
67,OIRFJRBSRORBCM-UHFFFAOYSA-N,
68,VEQOALNAAJBPNY-UHFFFAOYSA-N,0.0
69,SKVPTPMWXJSBTF-UHFFFAOYSA-N,0.0
70,HLFSDGLLUJUHTE-SNVBAGLBSA-N,
71,KMUIIAQSGDHUBP-UHFFFAOYSA-N,0.0
72,WGZDBVOTUVNQFP-UHFFFAOYSA-N,
73,QPPBRPIAZZHUNT-UHFFFAOYSA-N,0.0
74,WMPXPUYPYQKQCX-UHFFFAOYSA-N,0.0
75,VLYWMPOKSSWJAL-UHFFFAOYSA-N,0.0
76,GPTONYMQFTZPKC-UHFFFAOYSA-N,0.0
77,DPWPWRLQFGFJFI-UHFFFAOYSA-N,0.0
78,WKZLNEWVIAGNAW-UHFFFAOYSA-N,0.0
79,NHUHCSRWZMLRLA-UHFFFAOYSA-N,0.0
80,OCDGBSUVYYVKQZ-UHFFFAOYSA-N,1.0
81,JTEJPPKMYBDEMY-UHFFFAOYSA-N,0.0
82,ANJTVLIZGCUXLD-DTWKUNHWSA-N,0.0
83,YSAUAVHXTIETRK-AATRIKPKSA-N,
84,RHAXSHUQNIEUEY-UHFFFAOYSA-N,0.0
85,QFOHBWFCKVYLES-UHFFFAOYSA-N,
86,QVEIRCZEBQRCTR-UHFFFAOYSA-N,1.0
87,CTIYYGZNUOIIBY-UHFFFAOYSA-N,0.0
88,IUWVALYLNVXWKX-UHFFFAOYSA-N,0.0
89,CBGPYPHIFVEQTQ-UHFFFAOYSA-N,
90,GNXFOGHNGIVQEH-UHFFFAOYSA-N,
91,SSOLNOMRVKKSON-UHFFFAOYSA-N,
92,VNZLQLYBRIOLFZ-UHFFFAOYSA-N,0.0
93,BUJAGSGYPOAWEI-UHFFFAOYSA-N,
94,QCHFTSOMWOSFHM-WPRPVWTQSA-N,
95,NRCILBJQBRWWFJ-UHFFFAOYSA-N,0.0
96,NDDDMGSZOXUNDX-UHFFFAOYSA-N,0.0
97,ALCSGJCIESECFD-UHFFFAOYSA-N,1.0
98,RXQCGGRTAILOIN-UHFFFAOYSA-N,
99,ZGIWBBOWHHBPTF-UHFFFAOYSA-N,
100,VLPIATFUUWWMKC-UHFFFAOYSA-N,
101,WJAJPNHVVFWKKL-UHFFFAOYSA-N,
102,JWZZKOKVBUJMES-UHFFFAOYSA-N,
103,FOBQPWQGVDGQBL-UHFFFAOYSA-N,
104,UOHFCPXBKJPCAD-UHFFFAOYSA-N,0.0
105,CSPIFKKOBWYOEX-UHFFFAOYSA-N,0.0
106,VBXGZWUYNBXRNM-UHFFFAOYSA-N,0.0
107,UJHBLSGKRDPGGZ-UHFFFAOYSA-N,0.0
108,KKDPIZPUTYIBFX-UHFFFAOYSA-N,0.0
109,XJYLCCJIDYSFMB-UHFFFAOYSA-N,0.0
110,HJMQDJPMQIHLPB-UHFFFAOYSA-N,0.0
111,LTGSQWQGPXSEAT-UHFFFAOYSA-N,0.0
112,XWXYUMMDTVBTOU-UHFFFAOYSA-N,0.0
113,PSFDQSOCUJVVGF-UHFFFAOYSA-N,1.0
114,VDUWPHTZYNWKRN-UHFFFAOYSA-N,0.0
115,ZZUFCTLCJUWOSV-UHFFFAOYSA-N,0.0
116,BPIDEEBLGGVDOY-UHFFFAOYSA-N,
117,ZXRSVNHYTSSFMN-UHFFFAOYSA-N,0.0
118,OSUVWJGCKQEMHK-UHFFFAOYSA-N,
119,YXOHQILNFAPXOO-UHFFFAOYSA-N,0.0
120,NWBJYWHLCVSVIJ-UHFFFAOYSA-N,
121,FNYLWPVRPXGIIP-UHFFFAOYSA-N,0.0
122,ISWRGOKTTBVCFA-UHFFFAOYSA-N,0.0
123,MQJKPEGWNLWLTK-UHFFFAOYSA-N,0.0
124,XSYYLQJMAAYYFC-UHFFFAOYSA-N,0.0
125,UFOBHGWLEPTLSI-UHFFFAOYSA-N,0.0
126,ACIMRXKJKQGBGL-UHFFFAOYSA-N,
127,WKSAUQYGYAYLPV-UHFFFAOYSA-N,
128,PJYVGMRFPFNZCT-UHFFFAOYSA-N,1.0
129,XKFPYPQQHFEXRZ-UHFFFAOYSA-N,0.0
130,ZXNRTKGTQJPIJK-UHFFFAOYSA-N,
131,NVUGEQAEQJTCIX-UHFFFAOYSA-N,0.0
132,DQMZLTXERSFNPB-UHFFFAOYSA-N,0.0
133,MVAWJSIDNICKHF-UHFFFAOYSA-N,
134,UXRZWQHCEIXAAF-UHFFFAOYSA-N,0.0
135,HWMGKKKOPJPABY-UHFFFAOYSA-N,0.0
136,ASWVTGNCAZCNNR-UHFFFAOYSA-N,
137,PJSFRIWCGOHTNF-UHFFFAOYSA-N,0.0
138,ZZORFUFYDOWNEF-UHFFFAOYSA-N,0.0
139,MBVNCKWMUMLRFQ-UHFFFAOYSA-N,0.0
140,OTVAEFIXJLOWRX-NXEZZACHSA-N,
141,PJWUXKNZVMEPPH-UHFFFAOYSA-N,
142,HXHWSAZORRCQMX-UHFFFAOYSA-N,0.0
143,XXANNZJIZQTCBP-UHFFFAOYSA-N,1.0
144,XZTYGFHCIAKPGJ-UHFFFAOYSA-N,0.0
145,BPICBUSOMSTKRF-UHFFFAOYSA-N,
146,SCVHFRLUNIOSGI-UHFFFAOYSA-N,0.0
147,JELFWSXQTXRMAJ-UHFFFAOYSA-N,0.0
148,HKZNADVVGXKQDL-UHFFFAOYSA-N,
149,BQJODPIMMWWMFC-UHFFFAOYSA-N,0.0
150,STJMRWALKKWQGH-UHFFFAOYSA-N,
151,RQQJJXVETXFINY-UHFFFAOYSA-N,
152,YREYLAVBNPACJM-UHFFFAOYSA-N,
153,JLRGJRBPOGGCBT-UHFFFAOYSA-N,0.0
154,PTKSEFOSCHHMPD-UHFFFAOYSA-N,
155,OLBCVFGFOZPWHH-UHFFFAOYSA-N,0.0
156,ALWKGYPQUAPLQC-UHFFFAOYSA-N,0.0
157,XWTYSIMOBUGWOL-UHFFFAOYSA-N,
158,JSUAJTLKVREZHV-UHFFFAOYSA-N,0.0
159,ZBMZVLHSJCTVON-UHFFFAOYSA-N,
160,JFIOVJDNOJYLKP-UHFFFAOYSA-N,
161,QFXKXRXFBRLLPQ-UHFFFAOYSA-N,1.0
162,SSMIFVHARFVINF-UHFFFAOYSA-N,0.0
163,UQNAFPHGVPVTAL-UHFFFAOYSA-N,0.0
164,QSFYGYPZUVQYMC-UHFFFAOYSA-N,0.0
165,QXKHYNVANLEOEG-UHFFFAOYSA-N,1.0
166,BGEBZHIAGXMEMV-UHFFFAOYSA-N,
167,VHOGYURTWQBHIL-UHFFFAOYSA-N,
168,PZRHRDRVRGEVNW-UHFFFAOYSA-N,0.0
169,IFXJDEHFADWURH-UHFFFAOYSA-N,0.0
170,RCEMVBIZOPRKNR-UHFFFAOYSA-N,
171,MXEFWCFPCLDOOG-UHFFFAOYSA-N,1.0
172,XJGFWWJLMVZSIG-UHFFFAOYSA-N,
173,UKHFPVCOXBJPIN-UHFFFAOYSA-N,0.0
174,UEJJHQNACJXSKW-UHFFFAOYSA-N,
175,ISFPDBUKMJDAJH-UHFFFAOYSA-N,0.0
176,WTRJBRYIHAPCFN-UHFFFAOYSA-N,
177,ZFAXBDTVRSPYNB-SOFGYWHQSA-N,0.0
178,ZWJINEZUASEZBH-UHFFFAOYSA-N,0.0
179,DNVVZWSVACQWJE-UHFFFAOYSA-N,
180,KYGZCKSPAKDVKC-UHFFFAOYSA-N,0.0
181,AVOLMBLBETYQHX-UHFFFAOYSA-N,0.0
182,RFHAOTPXVQNOHP-UHFFFAOYSA-N,
183,BXNJHAXVSOCGBA-UHFFFAOYSA-N,
184,PBCZLFBEBARBBI-UHFFFAOYSA-N,0.0
185,HYWYRSMBCFDLJT-UHFFFAOYSA-N,0.0
186,GVBXFVDONRZCQG-UHFFFAOYSA-N,
187,SKVLYVHULOWXTD-UHFFFAOYSA-N,0.0
188,REZGGXNDEMKIQB-UHFFFAOYSA-N,0.0
189,GRUBXNOZRDXRIR-FLIBITNWSA-N,0.0
190,KPSRODZRAIWAKH-UHFFFAOYSA-N,
191,IOQRBNSNIRQGRR-UHFFFAOYSA-N,0.0
192,KXDROGADUISDGY-UHFFFAOYSA-N,1.0
193,HMBHRMFLDKKSCT-UHFFFAOYSA-N,1.0
194,HLVVITIHAZBPKB-UHFFFAOYSA-N,
195,GGDBEAVVGFNWIA-UHFFFAOYSA-N,0.0
196,LTSKUXQBYQHKHB-UHFFFAOYSA-N,0.0
197,BTFHLQRNAMSNLC-UHFFFAOYSA-N,1.0
198,LUINDDOUWHRIPW-UHFFFAOYSA-N,0.0
199,FJDDSMSDZHURBJ-UHFFFAOYSA-N,1.0
200,XRXDAJYKGWNHTQ-UHFFFAOYSA-N,0.0
201,UPTYCYWTFGTCCG-UHFFFAOYSA-N,0.0
202,VHKZGNPOHPFPER-ONNFQVAWSA-N,
203,BXBNADAPIHHXJQ-UHFFFAOYSA-N,1.0
204,BYJAVTDNIXVSPW-UHFFFAOYSA-N,
205,CUHVIMMYOGQXCV-UHFFFAOYSA-N,
206,YAORIDZYZDUZCM-UHFFFAOYSA-N,1.0
207,ROBVIMPUHSLWNV-UHFFFAOYSA-N,
208,DRLFMBDRBRZALE-UHFFFAOYSA-N,
209,FAJDETCVQBTNNR-UHFFFAOYSA-N,0.0
210,HAKCQNFJULULCS-UHFFFAOYSA-N,0.0
211,FHLOMVFBBXBFMS-UHFFFAOYSA-N,0.0
212,MEZLKOACVSPNER-GFCCVEGCSA-N,
213,RMMXTBMQSGEXHJ-UHFFFAOYSA-N,0.0
214,YRWLZFXJFBZBEY-UHFFFAOYSA-N,
215,WZPBZJONDBGPKJ-VEHQQRBSSA-N,
216,DNTGGZPQPQTDQF-XBXARRHUSA-N,
217,JBDGDEWWOUBZPM-XYPYZODXSA-N,
218,SUIZRDJCBVPASY-UHFFFAOYSA-N,1.0
219,BKYKPTRYDKTTJY-UHFFFAOYSA-N,
220,SNPPWIUOZRMYNY-UHFFFAOYSA-N,
221,BYPFEZZEUUWMEJ-UHFFFAOYSA-N,0.0
222,HEFNNWSXXWATRW-UHFFFAOYSA-N,
223,HEFNNWSXXWATRW-JTQLQIEISA-N,0.0
224,KLAIFKHPSDRWRR-UHFFFAOYSA-N,0.0
225,DBABZHXKTCFAPX-UHFFFAOYSA-N,0.0
226,MGVRNMUKTZOQOW-UHFFFAOYSA-N,0.0
227,QYUXPWDVDMSTKR-UHFFFAOYSA-O,0.0
228,MVFGUOIZUNYYSO-UHFFFAOYSA-N,
229,MFDFERRIHVXMIY-UHFFFAOYSA-N,
230,QTGIAADRBBLJGA-UHFFFAOYSA-N,
231,HDOVUKNUBWVHOX-QMMMGPOBSA-N,
232,FTSUPYGMFAPCFZ-ZWNOBZJWSA-N,0.0
233,REQCZEXYDRLIBE-UHFFFAOYSA-N,0.0
234,NDAUXUAQIAJITI-UHFFFAOYSA-N,
235,HUYWAWARQUIQLE-UHFFFAOYSA-N,
236,BLJRIMJGRPQVNF-JTQLQIEISA-N,1.0
237,QCJNVVVGENRLKK-UHFFFAOYSA-N,0.0
238,RJMUSRYZPJIFPJ-UHFFFAOYSA-N,0.0
239,MSJODEOZODDVGW-UHFFFAOYSA-N,
240,HUPFGZXOMWLGNK-UHFFFAOYSA-N,0.0
241,CRICFIBKOMWSAE-UHFFFAOYSA-N,1.0
242,AMCDOYQAFPUTSD-UHFFFAOYSA-N,
243,DNTSIBUQMRRYIU-UHFFFAOYSA-N,
244,GUOQUXNJZHGPQF-UHFFFAOYSA-N,0.0
245,RZFVLEJOHSLEFR-UHFFFAOYSA-N,0.0
246,DTVVDWOJSTZXJT-UHFFFAOYSA-N,
247,LPEPZBJOKDYZAD-UHFFFAOYSA-N,0.0
248,AAYBTXIBUFVFKT-UHFFFAOYSA-N,
249,SBDNJUWAMKYJOX-UHFFFAOYSA-N,
250,DCOPUUMXTXDBNB-UHFFFAOYSA-N,
251,BDYYDXJSHYEDGB-UHFFFAOYSA-N,0.0
252,ASZXVOGHNNBRPS-AATRIKPKSA-N,1.0
253,JIVPVXMEBJLZRO-UHFFFAOYSA-N,
254,WMIQKYZPVJCIPR-UHFFFAOYSA-N,0.0
255,KYRVNWMVYQXFEU-UHFFFAOYSA-N,0.0
256,LDFWEBWORFXBQN-UHFFFAOYSA-N,
257,NZHMXRNRVISYPP-UHFFFAOYSA-N,0.0
258,RBIAGCKCFJYTQH-UHFFFAOYSA-N,1.0
259,DIKNWBKZSAJDIQ-UHFFFAOYSA-N,1.0
260,YEZNLOUZAIOMLT-UHFFFAOYSA-N,0.0
261,OOEFUVBZCSVRNB-UHFFFAOYSA-N,
262,YEVSVVJFZFNNOU-UHFFFAOYSA-N,0.0
263,OPIFKWJRFLXODB-UHFFFAOYSA-N,
264,NCAMZKLUFXWNFH-UHFFFAOYSA-N,
265,NHZLNPMOSADWGC-UHFFFAOYSA-N,0.0
266,ATIQXFYTSDVDTE-QPJJXVBHSA-N,
267,DXGLGDHPHMLXJC-UHFFFAOYSA-N,
268,FMHHVULEAZTJMA-UHFFFAOYSA-N,0.0
269,LUKBXSAWLPMMSZ-OWOJBTEDSA-N,
270,GUHPRPJDBZHYCJ-UHFFFAOYSA-N,
271,MEZZCSHVIGVWFI-UHFFFAOYSA-N,0.0
272,HSMPDPBYAYSOBC-UHFFFAOYSA-N,
273,XMFCOYRWYYXZMY-UHFFFAOYSA-N,0.0
274,FRUXRPWKBWGSKB-UHFFFAOYSA-N,0.0
275,SLSIBLKBHNKZTB-UHFFFAOYSA-N,0.0
276,ZMTZGWGREAHCNN-UHFFFAOYSA-N,0.0
277,ZBCDIULMPGHKDR-UHFFFAOYSA-N,0.0
278,AUKGEVZMXPNOHI-UHFFFAOYSA-N,
279,SZRPDCCEHVWOJX-UHFFFAOYSA-N,1.0
280,PHWBOXQYWZNQIN-UHFFFAOYSA-N,1.0
281,CNIIGCLFLJGOGP-UHFFFAOYSA-N,1.0
282,FJLBFSROUSIWMA-UHFFFAOYSA-N,0.0
283,KTIRLSQWNNDYJT-BQYQJAHWSA-N,0.0
284,IEWOQJFBYRQOFL-UHFFFAOYSA-N,0.0
285,CMWTZPSULFXXJA-VIFPVBQESA-N,0.0
286,MAASHDQFQDDECQ-UHFFFAOYSA-N,
287,BEYOQOUVIABFTO-UHFFFAOYSA-N,
288,WTHKAJZQYNKTCJ-UHFFFAOYSA-N,0.0
289,BOCUKUHCLICSIY-UHFFFAOYSA-N,
290,VNICFCQJUVFULD-UHFFFAOYSA-N,1.0
291,LOBCDGHHHHGHFA-UHFFFAOYSA-N,0.0
292,QEQVFGUGFGNWMA-UHFFFAOYSA-N,0.0
293,RCIMBBZXSXFZBV-UHFFFAOYSA-N,0.0
294,RYINBEFZQUPVNQ-UHFFFAOYSA-N,
295,JJQKICOADUKSNS-UHFFFAOYSA-N,
296,UCAIEVHKDLMIFL-UHFFFAOYSA-N,1.0
297,HOMWNUXPSJQSSU-UHFFFAOYSA-N,0.0
298,NGOGFTYYXHNFQH-UHFFFAOYSA-N,1.0
299,MPZVHKLZCUEJFO-UHFFFAOYSA-N,0.0
300,QQOBRRFOVWGIMD-OJAKKHQRSA-N,
301,JOHZPMXAZQZXHR-UHFFFAOYSA-N,0.0
302,ZJVFLBOZORBYFE-UHFFFAOYSA-N,1.0
303,IEDVJHCEMCRBQM-UHFFFAOYSA-N,0.0
304,LMWFDNMZTICDIT-UHFFFAOYSA-N,0.0
305,WCMWVYQHPUQKHW-UHFFFAOYSA-N,1.0
306,XOZLRRYPUKAKMU-UHFFFAOYSA-N,
307,IDCHQQSVJAAUQQ-UHFFFAOYSA-N,
308,HNJJXZKZRAWDPF-UHFFFAOYSA-N,1.0
309,OPQRBXUBWHDHPQ-UHFFFAOYSA-N,0.0
310,GGXKWVWZWMLJEH-UHFFFAOYSA-N,
311,YOILXOMTHPUMRG-TZMCWYRMSA-N,
312,YKJYKKNCCRKFSL-RDBSUJKOSA-N,
313,OJGDCBLYJGHCIH-UHFFFAOYSA-N,
314,LBXHRAWDUMTPSE-AOOOYVTPSA-N,0.0
315,JZQKKSLKJUAGIC-UHFFFAOYSA-N,
316,JZQKKSLKJUAGIC-NSHDSACASA-N,0.0
317,FFNWMBDISAYHDC-UHFFFAOYSA-N,1.0
318,IYOZTVGMEWJPKR-IJLUTSLNSA-N,
319,OUDSBRTVNLOZBN-UHFFFAOYSA-N,0.0
320,VXJABHHJLXLNMP-UHFFFAOYSA-N,1.0
321,GIYAQDDTCWHPPL-UHFFFAOYSA-N,
322,TTWJBBZEZQICBI-UHFFFAOYSA-N,
323,NNJVILVZKWQKPM-UHFFFAOYSA-N,0.0
324,METKIMKYRPQLGS-UHFFFAOYSA-N,
325,METKIMKYRPQLGS-LBPRGKRZSA-N,0.0
326,UHWVSEOVJBQKBE-UHFFFAOYSA-N,0.0
327,TUFADSGTJUOBEH-ZWNOBZJWSA-N,
328,JZODKRWQWUWGCD-UHFFFAOYSA-N,0.0
329,IOSAAWHGJUZBOG-MNOVXSKESA-N,0.0
330,LMYSNFBROWBKMB-UHFFFAOYSA-N,
331,UOWZUVNAGUAEQC-UHFFFAOYSA-N,0.0
332,MDRFRNBHBAVMDP-UHFFFAOYSA-N,
333,GCUCIFQCGJIRNT-UHFFFAOYSA-N,0.0
334,YTQXXHALWAQGSY-UHFFFAOYSA-N,
335,QRJSGOWRBQNHBU-UHFFFAOYSA-N,0.0
336,ZQSIJRDFPHDXIC-UHFFFAOYSA-N,1.0
337,RTIXKCRFFJGDFG-UHFFFAOYSA-N,
338,TZBJGXHYKVUXJN-UHFFFAOYSA-N,0.0
339,IYRMWMYZSQPJKC-UHFFFAOYSA-N,1.0
340,REFJWTPEDVJJIY-UHFFFAOYSA-N,0.0
341,IKMDFBPHZNJCSN-UHFFFAOYSA-N,0.0
342,PADSEXCZNDPRGR-UVTDQMKNSA-N,
343,VTEPZEONRNPAAH-UHFFFAOYSA-N,
344,KIAPWMKFHIKQOZ-UHFFFAOYSA-N,1.0
345,AUYYCJSJGJYCDS-LBPRGKRZSA-N,
346,FFGPTBGBLSHEPO-UHFFFAOYSA-N,0.0
347,CXOFVDLJLONNDW-UHFFFAOYSA-N,0.0
348,LCMASBMIPGOXBS-UHFFFAOYSA-N,
349,QFNOALBMEJDQKY-UHFFFAOYSA-N,0.0
350,WERYBLQJNJVGPJ-UHFFFAOYSA-N,
351,SYTBZMRGLBWNTM-UHFFFAOYSA-N,
352,TZNJVVXSMGKGMR-UHFFFAOYSA-N,
353,RUAWVULWPTYWLK-UHFFFAOYSA-N,1.0
354,HDDSHPAODJUKPD-UHFFFAOYSA-N,0.0
355,AKILLFQNTLYQHV-UHFFFAOYSA-N,0.0
356,BEZZFPOZAYTVHN-UHFFFAOYSA-N,
357,XOPKXVAUECUSFM-UHFFFAOYSA-N,
358,KFAKESMKRPNZTM-UHFFFAOYSA-N,0.0
359,OZWKMVRBQXNZKK-UHFFFAOYSA-N,
360,PYVZWZCDFVVDRH-UHFFFAOYSA-N,0.0
361,NDTSRXAMMQDVSW-UHFFFAOYSA-N,
362,FSXQCTWKDDGIGU-UHFFFAOYSA-N,0.0
363,JYDYEDVFQNITAL-UHFFFAOYSA-N,1.0
364,OJZZJTLBYXHUSJ-UHFFFAOYSA-N,1.0
365,QWCJHSGMANYXCW-UHFFFAOYSA-N,0.0
366,JDBSGKGTKLQVEM-UHFFFAOYSA-N,
367,FUPGQEMJIGUBGO-UHFFFAOYSA-N,0.0
368,PFTAWBLQPZVEMU-UKRRQHHQSA-N,0.0
369,UHINWAUZILGLLU-UHFFFAOYSA-N,
370,KSUSJKBOMCJPCS-UHFFFAOYSA-N,
371,VWSFKHFDPRSPLA-UHFFFAOYSA-N,
372,AYCPBZQNSMAHNW-UHFFFAOYSA-N,0.0
373,SZOPRAYQMXOLOM-UHFFFAOYSA-N,
374,HYYBABOKPJLUIN-UHFFFAOYSA-N,0.0
375,YFGHCGITMMYXAQ-UHFFFAOYSA-N,
376,UPSPUYADGBWSHF-UHFFFAOYSA-N,
377,PBBRWFOVCUAONR-UHFFFAOYSA-N,0.0
378,IOUORVYECQCYHG-UHFFFAOYSA-N,
379,BLXXJMDCKKHMKV-UHFFFAOYSA-N,0.0
380,PIMZUZSSNYHVCU-YKWPQBAZSA-N,
381,OZSMSRIUUDGTEP-UHFFFAOYSA-N,
382,IDYZIJYBMGIQMJ-UHFFFAOYSA-N,0.0
383,GEHJIACZUFWBTK-UHFFFAOYSA-N,1.0
384,OPNUROKCUBTKLF-UHFFFAOYSA-N,0.0
385,ZIGMMUKDYCABPW-UHFFFAOYSA-N,0.0
386,IWVRVEIKCBFZNF-UHFFFAOYSA-N,
387,OIGHTPDWPMLMGT-UHFFFAOYSA-N,1.0
388,MTRAVDMFUGBQBM-UHFFFAOYSA-N,
389,GTVPOLSIJWJJNY-UHFFFAOYSA-N,1.0
390,UBHYDQAARZKHEZ-UHFFFAOYSA-N,0.0
391,HXEITSCBQYERQP-UHFFFAOYSA-N,
392,WAOQONBSWFLFPE-VIFPVBQESA-N,1.0
393,FVNFBBAOMBJTST-UHFFFAOYSA-N,
394,SZYOOVNTPYBCFG-UHFFFAOYSA-N,
395,VGZSUPCWNCWDAN-UHFFFAOYSA-N,0.0
396,INDBQLZJXZLFIT-UHFFFAOYSA-N,
397,BOVGTQGAOIONJV-UHFFFAOYSA-N,
398,INWLQCZOYSRPNW-UHFFFAOYSA-N,
399,PDMUULPVBYQBBK-UHFFFAOYSA-N,
400,RBQOQRRFDPXAGN-UHFFFAOYSA-N,0.0
401,HEMJJKBWTPKOJG-UHFFFAOYSA-N,0.0
402,HGBLNBBNRORJKI-WCABBAIRSA-N,0.0
403,BGRJTUBHPOOWDU-UHFFFAOYSA-N,
404,BGRJTUBHPOOWDU-NSHDSACASA-N,0.0
405,GSGVDKOCBKBMGG-UHFFFAOYSA-N,0.0
406,JLICHNCFTLFZJN-UHFFFAOYSA-N,
407,YGHLYBIUVOLKCV-SMDDNHRTSA-N,1.0
408,PAZJSJFMUHDSTF-UHFFFAOYSA-N,
409,CEMAWMOMDPGJMB-UHFFFAOYSA-N,
410,YPHMISFOHDHNIV-FSZOTQKASA-N,
411,GJZVQXWEIYRHBE-UHFFFAOYSA-N,0.0
412,HFRFLLYLVAKRMZ-UHFFFAOYSA-O,0.0
413,GKCBAIGFKIBETG-UHFFFAOYSA-N,0.0
414,HUNIPYLVUPMFCZ-UHFFFAOYSA-N,
415,JTVPZMFULRWINT-UHFFFAOYSA-N,
416,QKDDJDBFONZGBW-UHFFFAOYSA-N,1.0
417,IGFHQQFPSIBGKE-UHFFFAOYSA-N,
418,IUBSYMUCCVWXPE-UHFFFAOYSA-N,
419,WLMYZFDFXUHTHH-UHFFFAOYSA-N,0.0
420,YLFMCMWKHSDUCT-UHFFFAOYSA-N,0.0
421,KGRJPLRFGLMQMV-UHFFFAOYSA-N,1.0
422,BBHYPHDDSNJGIR-UHFFFAOYSA-N,0.0
423,PQCXVIPXISBFPN-UHFFFAOYSA-N,0.0
424,QQUXFYAWXPMDOE-UHFFFAOYSA-N,1.0
425,UUDMVIMMEVTSAD-UHFFFAOYSA-N,0.0
426,CANOJKGQDCJDOX-VZUCSPMQSA-N,
427,QAAYVSWZIXUNMU-UHFFFAOYSA-N,
428,ZWUIXYWYOXPDMQ-XFXZXTDPSA-N,0.0
429,LDIUORFGWOBQBG-UHFFFAOYSA-N,
430,DDSFKIFGAPZBSR-UHFFFAOYSA-N,0.0
431,CEIDHFSEEGVCCF-UHFFFAOYSA-N,0.0
432,MNIPYSSQXLZQLJ-UHFFFAOYSA-N,0.0
433,AAOVKJBEBIDNHE-UHFFFAOYSA-N,
434,SIBQEDIQAPAOSH-UHFFFAOYSA-N,
435,GMBHXFKGJRDYAD-UHFFFAOYSA-N,
436,OPXLLQIJSORQAM-UHFFFAOYSA-N,0.0
437,BCQQHBSOPLVZGY-UHFFFAOYSA-N,
438,ICMIJSRDISNKOC-UHFFFAOYSA-N,0.0
439,TXXUEJSPPYBINY-UHFFFAOYSA-N,
440,QFWCYNPOPKQOKV-UHFFFAOYSA-N,1.0
441,XXGAOTSQBKOYBL-UHFFFAOYSA-N,0.0
442,GFNNBHLJANVSQV-UHFFFAOYSA-N,0.0
443,KNURFLJTOUGOOQ-UHFFFAOYSA-N,1.0
444,YJMUUDQNUQGPCK-UHFFFAOYSA-N,
445,VWSMSCNGEPAHSW-UHFFFAOYSA-N,
446,MJIHNNLFOKEZEW-UHFFFAOYSA-N,
447,OQZOXHCRSXYSPM-UHFFFAOYSA-N,1.0
448,LBGROOQYAQOVFL-MDWZMJQESA-N,
449,OUFVGLKZVQNJBA-UHFFFAOYSA-N,0.0
450,PDIBOQMOKOEPCF-UHFFFAOYSA-N,
451,IFCQEPWFSBLITN-UHFFFAOYSA-N,1.0
452,LNPDTQAFDNKSHK-UHFFFAOYSA-N,
453,SPJSKAAMTRHOJN-UHFFFAOYSA-N,0.0
454,XEOBUSLELWJDNO-UHFFFAOYSA-N,
455,XMHTUTLCTOYCSL-UHFFFAOYSA-N,
456,DKYWVDODHFEZIM-UHFFFAOYSA-N,
457,ZPAKPRAICRBAOD-UHFFFAOYSA-N,0.0
458,NAYMIPUFIQUKOS-UHFFFAOYSA-N,0.0
459,AIONOLUJZLIMTK-AWEZNQCLSA-N,
460,XGRDDAXHCITUGZ-UHFFFAOYSA-N,1.0
461,BPJWQGNYCMLEST-UHFFFAOYSA-N,1.0
462,MJWFBVJELFJTHE-UHFFFAOYSA-N,1.0
463,IQPSEEYGBUAQFF-UHFFFAOYSA-N,
464,LBOJYSIDWZQNJS-CVEARBPZSA-N,0.0
465,OAYLZJHVKRLXBQ-UHFFFAOYSA-N,1.0
466,XMEZUIVLHTUGEP-UHFFFAOYSA-N,0.0
467,KTLIMRLDAZNZAJ-UHFFFAOYSA-N,0.0
468,PWTBZOIUWZOPFT-UHFFFAOYSA-N,
469,NDDAHWYSQHTHNT-UHFFFAOYSA-N,
470,AQCHWTWZEMGIFD-UHFFFAOYSA-N,
471,FUCNWXFQNWTPEU-UHFFFAOYSA-N,0.0
472,TVURRHSHRRELCG-UHFFFAOYSA-N,
473,YEQOIPOXVQAWPR-UHFFFAOYSA-N,0.0
474,ZIIUUSVHCHPIQD-UHFFFAOYSA-N,0.0
475,SKJJIFRWCCSXGL-UHFFFAOYSA-N,1.0
476,SWDLKHIZOBMHOX-UHFFFAOYSA-N,
477,WBSMIPAMAXNXFS-UHFFFAOYSA-N,0.0
478,OYPPVKRFBIWMSX-CXUHLZMHSA-N,0.0
479,AGCSFEMNYLPWSY-UHFFFAOYSA-N,
480,BVFMRMYKLFNXLT-UHFFFAOYSA-N,
481,UMJUNUMSJDTYTM-UHFFFAOYSA-N,0.0
482,IDOXKFDPDOIUMG-UHFFFAOYSA-N,1.0
483,GPRBEKHLDVQUJE-QSWIMTSFSA-N,
484,SZMZDGRRUAMHNH-UHFFFAOYSA-N,
485,SUHGRZPINGKYNV-GJZGRUSLSA-N,
486,RJKSUFSHJKUPEX-UHFFFAOYSA-N,0.0
487,MGUJPNBADSXKKA-UHFFFAOYSA-N,
488,OGJPXUAPXNRGGI-UHFFFAOYSA-N,0.0
489,XXPANQJNYNUNES-UHFFFAOYSA-N,
490,HLWFZOLBOOZRFS-UHFFFAOYSA-N,0.0
491,JGSARLDLIJGVTE-MBNYWOFBSA-N,
492,ALFGDCNSEBJYSP-UHFFFAOYSA-N,
493,GBPRGJDUEMKMOK-UHFFFAOYSA-N,0.0
494,OQDPVLVUJFGPGQ-UHFFFAOYSA-N,0.0
495,NOIIUHRQUVNIDD-UHFFFAOYSA-N,
496,WPENLLOICBPYIE-UHFFFAOYSA-N,
497,ZDIGNSYAACHWNL-UHFFFAOYSA-N,
498,SOYKEARSMXGVTM-UHFFFAOYSA-N,
499,SOYKEARSMXGVTM-OAHLLOKOSA-N,1.0
500,OJFSXZCBGQGRNV-UHFFFAOYSA-N,
501,ICKFFNBDFNZJSX-UHFFFAOYSA-N,1.0
502,QRLCLCSHNIFDFF-UHFFFAOYSA-N,0.0
503,WXEZZUDLDARSKV-UHFFFAOYSA-N,
504,IJHNSHDBIRRJRN-UHFFFAOYSA-N,
505,YGKPIROTKVQCCU-UHFFFAOYSA-N,0.0
506,NGBFQHCMQULJNZ-UHFFFAOYSA-N,0.0
507,IDEHCMNLNCJQST-UHFFFAOYSA-N,1.0
508,WAEIMOCPASQBSR-UHFFFAOYSA-N,1.0
509,UFLGIAIHIAPJJC-UHFFFAOYSA-N,
510,AQHHHDLHHXJYJD-UHFFFAOYSA-N,
511,AQHHHDLHHXJYJD-AWEZNQCLSA-N,1.0
512,AQHHHDLHHXJYJD-CQSZACIVSA-N,0.0
513,HJORMJIFDVBMOB-LBPRGKRZSA-N,0.0
514,DKMFBWQBDIGMHM-UHFFFAOYSA-N,
515,FVJRBJIENDRNBE-UHFFFAOYSA-N,0.0
516,FKNXQNWAXFXVNW-UHFFFAOYSA-N,
517,OBDCJJZZJUNMCZ-UHFFFAOYSA-N,
518,WNIDXAKKFOKNEF-UHFFFAOYSA-N,0.0
519,RMSGLOWQUXFIRR-UHFFFAOYSA-N,0.0
520,MXAWWWLKTMPTOC-UHFFFAOYSA-N,0.0
521,GUJRSXAPGDDABA-NSHDSACASA-N,0.0
522,RLSGBCUXLRMTPF-UHFFFAOYSA-N,1.0
523,IKBKZGMPCYNSLU-RGVLZGJSSA-N,
524,FSKFPVLPFLJRQB-UHFFFAOYSA-N,
525,HUCJFAOMUPXHDK-UHFFFAOYSA-N,1.0
526,WYWIFABBXFUGLM-UHFFFAOYSA-N,1.0
527,UHSKFQJFRQCDBE-UHFFFAOYSA-N,1.0
528,KLPWJLBORRMFGK-UHFFFAOYSA-N,
529,LWAFSWPYPHEXKX-UHFFFAOYSA-N,
530,VGGGPCQERPFHOB-RDBSUJKOSA-N,
531,FFBDFADSZUINTG-UHFFFAOYSA-N,0.0
532,PCTRYMLLRKWXGF-UHFFFAOYSA-N,0.0
533,ASXGJMSKWNBENU-CQSZACIVSA-N,0.0
534,VRYMTAVOXVTQEF-UHFFFAOYSA-N,
535,PYEBKOFMWAMBFV-UHFFFAOYSA-O,0.0
536,CAJIGINSTLKQMM-UHFFFAOYSA-N,1.0
537,KCLANYCVBBTKTO-UHFFFAOYSA-N,
538,IPTGRSACOGFTEC-UHFFFAOYSA-N,0.0
539,HPJKCIUCZWXJDR-UHFFFAOYSA-N,0.0
540,WHQCHUCQKNIQEC-UHFFFAOYSA-N,0.0
541,LKBFFDOJUKLQNY-UHFFFAOYSA-N,0.0
542,AJFTZWGGHJXZOB-UHFFFAOYSA-N,0.0
543,PQUGCKBLVKJMNT-UHFFFAOYSA-N,0.0
544,JEMOKNWRGGZHTL-UHFFFAOYSA-N,
545,RPSTZWISHZSYDI-UHFFFAOYSA-N,0.0
546,PBMSWVPMRUJMPE-UHFFFAOYSA-N,0.0
547,AKMNUCBQGHFICM-UHFFFAOYSA-N,1.0
548,MZPMLGSADPRUKC-UHFFFAOYSA-N,
549,VIURMXCKGJBPOY-UHFFFAOYSA-N,0.0
550,RZEKVGVHFLEQIL-UHFFFAOYSA-N,
551,TUCIOBMMDDOEMM-RIYZIHGNSA-N,0.0
552,JNGXZFTYKGXDPW-UHFFFAOYSA-N,
553,ANVFDWBCVDQNEZ-UHFFFAOYSA-N,
554,RZJQGNCSTQAWON-UHFFFAOYSA-N,
555,AQFFXPQJLZFABJ-UHFFFAOYSA-N,0.0
556,UCKHICKHGAOGAP-UONOGXRCSA-N,1.0
557,BDWJQTNJPVRXKT-UHFFFAOYSA-N,0.0
558,SEZGQWZDAFYNQP-UHFFFAOYSA-N,0.0
559,PYKJFEPAUKAXNN-UHFFFAOYSA-N,0.0
560,LFBZZHVSGAHQPP-UHFFFAOYSA-N,
561,SWIUQBFXLZSMJW-UHFFFAOYSA-N,
562,RJMIEHBSYVWVIN-UHFFFAOYSA-N,
563,LVYPAEPKTFJTIC-UHFFFAOYSA-N,
564,WCXWRQHRYBYAMT-UHFFFAOYSA-N,
565,KLKYRRPAKBREKC-UHFFFAOYSA-N,0.0
566,MNHXYNNKDDXKNP-UHFFFAOYSA-N,0.0
567,QWGDMFLQWFTERH-UHFFFAOYSA-N,1.0
568,YYLALWXEJOYRET-UHFFFAOYSA-N,0.0
569,XEEQGYMUWCZPDN-UHFFFAOYSA-N,
570,QJQORSLQNXDVGE-UHFFFAOYSA-N,
571,BRZANEXCSZCZCI-UHFFFAOYSA-N,0.0
572,SNCINWPVLVFPAL-UHFFFAOYSA-N,
573,SWUARLUWKZWEBQ-VQHVLOKHSA-N,
574,JNNOSTQEZICQQP-UHFFFAOYSA-N,1.0
575,LXFHSCDLMBZYKY-UHFFFAOYSA-N,0.0
576,MJKADKZSYQWGLL-UHFFFAOYSA-N,0.0
577,XKNMHYBWPOWHGN-UHFFFAOYSA-N,
578,VMWNQDUVQKEIOC-CYBMUJFWSA-N,1.0
579,QNBCPLWFVGLFHO-CYBMUJFWSA-N,0.0
580,YFLGDBKFXXZCAR-UHFFFAOYSA-N,0.0
581,GOTMKOSCLKVOGG-OAHLLOKOSA-N,
582,RTHCYVBBDHJXIQ-UHFFFAOYSA-N,
583,MYSWGUAQZAJSOK-UHFFFAOYSA-N,0.0
584,UJEWTUDSLQGTOA-UHFFFAOYSA-N,0.0
585,ZPEIMTDSQAKGNT-UHFFFAOYSA-N,1.0
586,UVAOBHSWJTXPCD-UHFFFAOYSA-N,0.0
587,ZEKZLJVOYLTDKK-UHFFFAOYSA-N,
588,RONZAEMNMFQXRA-UHFFFAOYSA-N,1.0
589,MRBDMNSDAVCSSF-UHFFFAOYSA-N,1.0
590,SUBDBMMJDZJVOS-UHFFFAOYSA-N,0.0
591,MJRGSRRZKSJHOE-UHFFFAOYSA-N,0.0
592,HUSSABQFGBWBBS-WUXMJOGZSA-N,0.0
593,TWVZCOKLWZPBHA-UHFFFAOYSA-N,0.0
594,FOWJZSWMOQJOGI-UHFFFAOYSA-N,0.0
595,RGPDEAGGEXEMMM-UHFFFAOYSA-N,
596,OXFIWBCFEMDNNG-UHFFFAOYSA-N,0.0
597,DMFFTJYOPSSREU-UHFFFAOYSA-N,
598,WUKZPHOXUVCQOR-UHFFFAOYSA-N,
599,DJBNUMBKLMJRSA-UHFFFAOYSA-N,
600,FHFYDNQZQSQIAI-UHFFFAOYSA-N,
601,BYGXICRJQZKUPA-UHFFFAOYSA-N,
602,BGDKAVGWHJFAGW-UHFFFAOYSA-N,
603,MAEIEVLCKWDQJH-UHFFFAOYSA-N,0.0
604,ZGUGWUXLJSTTMA-UHFFFAOYSA-N,1.0
605,CLIGSMOZKDCDRZ-UHFFFAOYSA-N,0.0
606,AUNGANRZJHBGPY-MBNYWOFBSA-N,
607,HPNSFSBZBAHARI-RUDMXATFSA-N,0.0
608,SJAIZBBQKZMZCM-UHFFFAOYSA-N,0.0
609,KOPJXQVAPJRMJZ-UHFFFAOYSA-N,0.0
610,HVIVNCUXWMPBIJ-UHFFFAOYSA-N,0.0
611,MJLCBZGLWGWHSA-UHFFFAOYSA-N,
612,NDYUJMGUQAHBAG-UHFFFAOYSA-N,0.0
613,VHGCDTVCOLNTBX-QGZVFWFLSA-N,1.0
614,ZZVUWRFHKOJYTH-UHFFFAOYSA-N,1.0
615,ASUTZQLVASHGKV-JDFRZJQESA-N,
616,NNYBQONXHNTVIJ-UHFFFAOYSA-N,
617,LSLYOANBFKQKPT-UHFFFAOYSA-N,
618,STECJAGHUSJQJN-UHFFFAOYSA-N,0.0
619,STECJAGHUSJQJN-FWXGHANASA-N,
620,MJMJERJFCHYXEM-UHFFFAOYSA-N,0.0
621,HCFDWZZGGLSKEP-UHFFFAOYSA-N,
622,LDMWSLGGVTVJPG-UHFFFAOYSA-N,
623,ZFNAWHPUCPSXBF-UHFFFAOYSA-N,0.0
624,MYTRQYCYPXKAQI-UHFFFAOYSA-N,0.0
625,YECBIJXISLIIDS-UHFFFAOYSA-N,1.0
626,KWPBJDSYSMROIB-UHFFFAOYSA-N,0.0
627,RKUNBYITZUJHSG-FXUDXRNXSA-N,
628,RKUNBYITZUJHSG-SPUOUPEWSA-N,
629,XNMYNYSCEJBRPZ-UHFFFAOYSA-N,1.0
630,AADCDMQTJNYOSS-LBPRGKRZSA-N,1.0
631,DPXOFRGRKPFZOD-UHFFFAOYSA-N,1.0
632,WKEMJKQOLOHJLZ-UHFFFAOYSA-N,
633,NZQDIZLTOXEKBJ-UHFFFAOYSA-N,
634,YSSBJODGIYRAMI-IAGOWNOFSA-N,1.0
635,IXHBTMCLRNMKHZ-LBPRGKRZSA-N,0.0
636,SKYSRIRYMSLOIN-UHFFFAOYSA-N,
637,OWYLAEYXIQKAOL-UHFFFAOYSA-N,1.0
638,AAORACFZMYMFCG-UHFFFAOYSA-N,1.0
639,NTJOBXMMWNYJFB-UHFFFAOYSA-N,
640,PNVNVHUZROJLTJ-UHFFFAOYSA-N,
641,UOLJKAPABHXFRE-UHFFFAOYSA-N,0.0
642,DQKXQSGTHWVTAD-UHFFFAOYSA-N,0.0
643,VWPOSFSPZNDTMJ-UHFFFAOYSA-N,
644,CMHHMUWAYWTMGS-UHFFFAOYSA-N,1.0
645,RSNBIESXEKYLMW-UHFFFAOYSA-N,0.0
646,WQTJIKOELXSWGM-UHFFFAOYSA-N,
647,SRFXJTJKQWBUMX-UHFFFAOYSA-N,
648,KYIWXQOFAPTVCE-UHFFFAOYSA-N,
649,SUUGUKZPDTXTBW-UHFFFAOYSA-N,
650,RIZHEPFCVROKLB-UHFFFAOYSA-N,1.0
651,MPIPASJGOJYODL-UHFFFAOYSA-N,
652,BYBLEWFAAKGYCD-UHFFFAOYSA-N,1.0
653,UBKVGMKTRIFDBG-UHFFFAOYSA-N,0.0
654,NQRGIICELSOXOP-UHFFFAOYSA-N,0.0
655,NCEXYHBECQHGNR-QZQOTICOSA-N,
656,LEZWWPYKPKIXLL-UHFFFAOYSA-N,
657,AFNXATANNDIXLG-UHFFFAOYSA-N,
658,ILVKQWNIKHIELN-REZTVBANSA-N,1.0
659,POCREAFIBPVMBR-UHFFFAOYSA-N,0.0
660,OOGGYCGJQCQIRD-CMDGGOBGSA-N,0.0
661,OFPXSFXSNFPTHF-UHFFFAOYSA-N,0.0
662,YKUISWUAQBDQKG-UHFFFAOYSA-N,0.0
663,WNAUAGDIWFTDRG-UHFFFAOYSA-N,
664,UMGQVUWXNOJOSJ-DGGAMASNSA-N,0.0
665,UMGQVUWXNOJOSJ-KMHUVPDISA-N,0.0
666,KECZBGOYTMZNHZ-UHFFFAOYSA-N,
667,SGOOQMRIPALTEL-UHFFFAOYSA-N,0.0
668,MKAIUMDZTYINGG-WJDWOHSUSA-N,0.0
669,YAPZOCIMBBNQDC-UHFFFAOYSA-N,0.0
670,VTWBDWZBNSLYDN-UHFFFAOYSA-N,0.0
671,KZASASKOUULWBZ-UHFFFAOYSA-N,
672,VXVGANJCDDDWQK-UHFFFAOYSA-N,
673,ZGGPHJFSKBYSSY-UHFFFAOYSA-N,0.0
674,UDKHFRSECDGNEQ-UHFFFAOYSA-N,0.0
675,HANSDZYCOLAKRO-VMPITWQZSA-N,
676,MEOGKJOTLWVCRS-RMKNXTFCSA-N,
677,SLVHSSYJYBEKCJ-UHFFFAOYSA-N,
678,ZCLAJJPBYPQMJR-UHFFFAOYSA-N,
679,XJGVXQDUIWGIRW-UHFFFAOYSA-N,
680,KAAZGXDPUNNEFN-UHFFFAOYSA-N,
681,WSPOMRSOLSGNFJ-VGOFMYFVSA-N,1.0
682,SSYAUVNBEGNTHT-UHFFFAOYSA-N,1.0
683,YMGUVTJMZDLHAP-UHFFFAOYSA-N,0.0
684,QGSFDXOMOOGDSK-UHFFFAOYSA-N,
685,NFDFQCUYFHCNBW-SCGPFSFSSA-N,
686,RZTAMFZIAATZDJ-UHFFFAOYSA-N,
687,QZUDBNBUXVUHMW-UHFFFAOYSA-N,
688,XSCGXQMFQXDFCW-UHFFFAOYSA-N,1.0
689,OOEUHRGMLFVKQO-UHFFFAOYSA-N,
690,FELGMEQIXOGIFQ-UHFFFAOYSA-N,
691,CFNHADLXRJXJRK-UHFFFAOYSA-N,0.0
692,KNADXBVKFAUMCR-UHFFFAOYSA-N,1.0
693,IBIDRLGSBRAGCB-UHFFFAOYSA-N,0.0
694,QWTBMWLGTUEWKB-UHFFFAOYSA-N,0.0
695,ZJJDJLGQQSIOGL-UHFFFAOYSA-N,
696,GSDSWSVVBLHKDQ-UHFFFAOYSA-N,
697,ZRCVYEYHRGVLOC-HYARGMPZSA-N,
698,DMOZHKAXMRNTJJ-UHFFFAOYSA-N,0.0
699,BZHUUIUCHDNUNV-UHFFFAOYSA-N,0.0
700,HOFANOOJUWSYHI-UHFFFAOYSA-N,
701,PVHUJELLJLJGLN-UHFFFAOYSA-N,
702,RGLYKWWBQGJZGM-ISLYRVAYSA-N,
703,WFNAKBGANONZEQ-UHFFFAOYSA-N,
704,ZWAVGFSZMACJHA-PMNBYGLBSA-N,0.0
705,QPGGEKPRGVJKQB-UHFFFAOYSA-N,
706,ZNAPADWWBWFMCQ-HNNXBMFYSA-N,1.0
707,ZMISODWVFHHWNR-UHFFFAOYSA-N,
708,ZODSPDOOCZZEIM-BBRMVZONSA-N,1.0
709,BDHMSYNBSBZCAF-UHFFFAOYSA-N,0.0
710,UVKZSORBKUEBAZ-UHFFFAOYSA-N,
711,MZOPWQKISXCCTP-UHFFFAOYSA-N,0.0
712,ZZHLYYDVIOPZBE-UHFFFAOYSA-N,
713,GEVOPYRQBDFURJ-UHFFFAOYSA-N,0.0
714,DNXHEGUUPJUMQT-CBZIJGRNSA-N,0.0
715,PBBGSZCBWVPOOL-UHFFFAOYSA-N,
716,JKKFKPJIXZFSSB-CBZIJGRNSA-N,0.0
717,OGXMGJGFLBSEJW-HNNXBMFYSA-N,0.0
718,QVYRGXJJSLMXQH-UHFFFAOYSA-N,
719,QSQQPMHPCBLLGX-UHFFFAOYSA-N,0.0
720,BMUKKTUHUDJSNZ-UHFFFAOYSA-N,1.0
721,JRWZLRBJNMZMFE-UHFFFAOYSA-N,
722,YZFWTZACSRHJQD-UHFFFAOYSA-N,
723,TZDKNVWAMSXZSM-UHFFFAOYSA-N,1.0
724,XRZYELWZLNAXGE-KPKJPENVSA-N,
725,XZTKZSDVEQGNRB-UHFFFAOYSA-N,
726,PSNSJNXUALLYFL-UHFFFAOYSA-N,0.0
727,CZDJAOWKZQKIOG-UHFFFAOYSA-N,0.0
728,CJGYSWNGNKCJSB-YVLZZHOMSA-N,1.0
729,VOXZDWNPVJITMN-ZBRFXRBCSA-N,
730,PROQIPRRNZUXQM-ZXXIGWHRSA-N,
731,MKXZASYAUGDDCJ-NJAFHUGGSA-N,1.0
732,WHTVZRBIWZFKQO-UHFFFAOYSA-N,
733,NUEOQLXPVLVOIQ-UHFFFAOYSA-N,
734,DGMKFQYCZXERLX-UHFFFAOYSA-N,
735,NSHMVLOWOAQFTP-UHFFFAOYSA-N,1.0
736,UATDVRSFFGFTAI-UHFFFAOYSA-N,1.0
737,LEBVLXFERQHONN-UHFFFAOYSA-N,
738,HWKROQUZSKPIKQ-MRXNPFEDSA-N,
739,GOEMGAFJFRBGGG-UHFFFAOYSA-N,
740,ANZXOIAKUNOVQU-UHFFFAOYSA-N,
741,BTOJYCTUJJHANF-WMLDXEAASA-N,0.0
742,HXYVTAGFYLMHSO-UHFFFAOYSA-N,0.0
743,DIPMIJOELRXPKR-UHFFFAOYSA-N,0.0
744,MYKOWOGZBMOVBJ-UHFFFAOYSA-N,1.0
745,JCSGFHVFHSKIJH-UHFFFAOYSA-N,0.0
746,DOBMPNYZJYQDGZ-UHFFFAOYSA-N,0.0
747,MXKJSOMQCBHQQL-UHFFFAOYSA-N,0.0
748,LKEBYYIMIKDDMS-RQZCQDPDSA-N,
749,ATKPLDDGMIKJMB-UHFFFAOYSA-N,0.0
750,DPXOMSYGFJNGFP-UHFFFAOYSA-N,0.0
751,SGPJOMQRMNICCX-UHFFFAOYSA-N,0.0
752,SZROVVQEPDFVPN-UHFFFAOYSA-N,
753,NIAUUAXMPNTHHO-UHFFFAOYSA-N,1.0
754,GUPQZTILNQCEQJ-UHFFFAOYSA-N,0.0
755,QVGADSAEXXGQMO-UHFFFAOYSA-N,1.0
756,WQUDGLWZETZHQW-UHFFFAOYSA-N,0.0
757,VABCILAOYCMVPS-UHFFFAOYSA-N,
758,AZYXKCMLQANZFV-UHFFFAOYSA-N,0.0
759,CGIGDMFJXJATDK-UHFFFAOYSA-N,0.0
760,YRRHKSBORHLKLJ-UHFFFAOYSA-N,
761,OQQVFCKUDYMWGV-UHFFFAOYSA-N,
762,YXRZPWSCYIXPDK-UHFFFAOYSA-N,0.0
763,PJVWKTKQMONHTI-UHFFFAOYSA-N,
764,SWLMUYACZKCSHZ-UHFFFAOYSA-N,
765,GWOFUCIGLDBNKM-UHFFFAOYSA-N,
766,UQFKNUUKMYSGSY-BQYQJAHWSA-N,0.0
767,CZQHHVNHHHRRDU-UHFFFAOYSA-N,0.0
768,VXZLRFFNODAIOP-UHFFFAOYSA-N,0.0
769,VSUUINVWYMYQJO-UHFFFAOYSA-N,0.0
770,FUSNMLFNXJSCDI-UHFFFAOYSA-N,0.0
771,QMUXASORLUENRK-UHFFFAOYSA-N,1.0
772,LQOLIRLGBULYKD-JKIFEVAISA-N,
773,OTKUTGIVEREJLL-UHFFFAOYSA-N,1.0
774,PWVCXEQGHKHDHR-UHFFFAOYSA-N,0.0
775,XECQQDXTQRYYBH-UHFFFAOYSA-N,1.0
776,BYHKGNWKJMGHGE-UHFFFAOYSA-N,
777,MNUHKAJKYNRNSN-UHFFFAOYSA-N,
778,ZCVMWBYGMWKGHF-UHFFFAOYSA-N,1.0
779,NZLVRVYNQYGMAB-UHFFFAOYSA-N,1.0
780,KIYFNBKONQMDDJ-UHFFFAOYSA-N,0.0
781,CJXAEXPPLWQRFR-UHFFFAOYSA-N,1.0
782,ITIBNIJXGYOKFS-UHFFFAOYSA-N,1.0
783,IIBYAHWJQTYFKB-UHFFFAOYSA-N,0.0
784,CJAVTWRYCDNHSM-UHFFFAOYSA-N,
785,AHOUBRCZNHFOSL-YOEHRIQHSA-N,
786,WVVXBPKOIZGVNS-UHFFFAOYSA-N,0.0
787,OFCLARYYBGKCHN-UHFFFAOYSA-N,
788,VYMDGNCVAMGZFE-UHFFFAOYSA-N,
789,MIFCIOSXIXIIRZ-UHFFFAOYSA-N,0.0
790,BDJZDFVNWBMFJO-UHFFFAOYSA-N,
791,RUSNEHISXMHECV-UHFFFAOYSA-N,0.0
792,QXFHLLATYJOLGL-UHFFFAOYSA-N,1.0
793,SRVMPDDAKJVLGU-UHFFFAOYSA-N,
794,DRCMAZOSEIMCHM-UHFFFAOYSA-N,1.0
795,ZNBQFFOQYNKMNF-UHFFFAOYSA-N,1.0
796,HELCSESNNDZLFM-UHFFFAOYSA-N,1.0
797,BWPIARFWQZKAIA-UHFFFAOYSA-N,1.0
798,PHVGLTMQBUFIQQ-UHFFFAOYSA-N,1.0
799,ZAFYATHCZYHLPB-UHFFFAOYSA-N,
800,LOGJQOUIVKBFGH-YBEGLDIGSA-N,
801,HMJIYCCIJYRONP-UHFFFAOYSA-N,0.0
802,RMHMFHUVIITRHF-UHFFFAOYSA-N,0.0
803,IENZQIKPVFGBNW-UHFFFAOYSA-N,0.0
804,ODQWQRRAPPTVAG-GZTJUZNOSA-N,1.0
805,HLRBSTGXOFUEHW-OAHLLOKOSA-N,
806,UZHSEJADLWPNLE-GRGSLBFTSA-N,
807,LZJRNLRASBVRRX-ZDUSSCGKSA-N,
808,NHFIAAAMCYVRIW-UHFFFAOYSA-N,
809,PHTUQLWOUWZIMZ-GZTJUZNOSA-N,
810,FIADGNVRKBPQEU-UHFFFAOYSA-N,
811,PHLBKPHSAVXXEF-UHFFFAOYSA-N,0.0
812,GAAKALASJNGQKD-UHFFFAOYSA-N,
813,VGXHWOGTLVRELN-UHFFFAOYSA-N,
814,XUBOMFCQGDBHNK-UHFFFAOYSA-N,
815,CBEQULMOCCWAQT-WOJGMQOQSA-N,
816,QDCFAVGZLAOJBQ-UHFFFAOYSA-N,0.0
817,VSWPGAIWKHPTKX-UHFFFAOYSA-N,0.0
818,BEDXARYXRBYZRP-UHFFFAOYSA-N,0.0
819,GDLIGKIOYRNHDA-UHFFFAOYSA-N,1.0
820,WEUCDJCFJHYFRL-UHFFFAOYSA-N,
821,LXNUZWHEMOKYNJ-UHFFFAOYSA-N,0.0
822,FIAOAIAXJRLEKI-UHFFFAOYSA-N,1.0
823,CNBGNNVCVSKAQZ-UHFFFAOYSA-N,1.0
824,TZJUVVIWVWFLCD-UHFFFAOYSA-N,
825,OWQUZNMMYNAXSL-UHFFFAOYSA-N,1.0
826,CVOOKNHJAWQSHA-UHFFFAOYSA-N,0.0
827,CBQGYUDMJHNJBX-UHFFFAOYSA-N,
828,MXWICZOXPUWAHY-OAHLLOKOSA-N,0.0
829,BCGWQEUPMDMJNV-UHFFFAOYSA-N,1.0
830,FSVJFNAIGNNGKK-UHFFFAOYSA-N,
831,SGUAFYQXFOLMHL-UHFFFAOYSA-N,
832,RUTYAHFAKWVMNH-UHFFFAOYSA-N,0.0
833,PMXCMJLOPOFPBT-HNNXBMFYSA-N,0.0
834,QOVNMUHVDCGDOR-UHFFFAOYSA-N,0.0
835,NFIXBCVWIPOYCD-UHFFFAOYSA-N,
836,PTGXAUBQBSGPKF-UHFFFAOYSA-N,
837,RGSVXQJPSWZXOP-UHFFFAOYSA-N,1.0
838,VQLPLYSROCPWFF-ROUUACIJSA-N,1.0
839,RAMROQQYRRQPDL-HNNXBMFYSA-N,0.0
840,CQOQDQWUFQDJMK-UHFFFAOYSA-N,0.0
841,OLDSXEYZPZTVHI-UHFFFAOYSA-N,0.0
842,MQHOGPLXAXSQAJ-UHFFFAOYSA-N,0.0
843,MOZPSIXKYJUTKI-UHFFFAOYSA-N,0.0
844,WNMJYKCGWZFFKR-UHFFFAOYSA-N,
845,RQHKZUBCUZVZEF-UHFFFAOYSA-N,
846,FCQGKXQHOMXLGE-UHFFFAOYSA-N,
847,JBHLYIVFFLNISJ-UHFFFAOYSA-N,
848,WYDUSKDSKCASEF-UHFFFAOYSA-N,
849,YHSMSRREJYOGQJ-UHFFFAOYSA-N,
850,XGWATTXMMMANFJ-UHFFFAOYSA-N,1.0
851,XLWJPQQFJNGUPA-UHFFFAOYSA-N,0.0
852,CURUTKGFNZGFSE-UHFFFAOYSA-N,1.0
853,FMMWHPNWAFZXNH-UHFFFAOYSA-N,
854,CEHQLKSLMFIHBF-UHFFFAOYSA-N,
855,LEUUQPOUJRNFNP-UHFFFAOYSA-N,0.0
856,DFUSOVKMCNZCRI-UHFFFAOYSA-N,0.0
857,QHKYPYXTTXKZST-UHFFFAOYSA-N,1.0
858,FFINMCNLQNTKLU-UHFFFAOYSA-N,0.0
859,INVGWHRKADIJHF-UHFFFAOYSA-N,
860,JLGKQTAYUIMGRK-UHFFFAOYSA-N,
861,PVYQODCQLOJHKG-UHFFFAOYSA-N,0.0
862,BYHGFIYOZJWIDJ-UHFFFAOYSA-N,0.0
863,YTAITZRBXMKGJJ-UHFFFAOYSA-N,0.0
864,FIKKMCDXXDNJBD-UHFFFAOYSA-N,0.0
865,ORRIBHZQKOAYQB-ZRDIBKRKSA-N,1.0
866,MLKXDPUZXIRXEP-MFOYZWKCSA-N,0.0
867,DBTWZLIQIQEKBB-UHFFFAOYSA-N,1.0
868,YZQPPMTUBHYEBE-UHFFFAOYSA-N,
869,FCDRFVCGMLUYPG-ROUUACIJSA-N,1.0
870,IEUZNNODZKNDPK-UHFFFAOYSA-N,0.0
871,CMRCYZLRSDSGMN-SSZFMOIBSA-N,0.0
872,SJNMMVLVXJMMGZ-UHFFFAOYSA-N,1.0
873,HNJBGZILIPINTO-UHFFFAOYSA-N,0.0
874,DXQOIUIKKLEKLP-UHFFFAOYSA-N,1.0
875,GDMHFHBNDVRFCG-UHFFFAOYSA-N,0.0
876,SIBRQXJGJMWOEK-UHFFFAOYSA-N,
877,LLBLNMUONVVVPG-UHFFFAOYSA-N,1.0
878,BFUJHVVEMMWLHC-UHFFFAOYSA-N,1.0
879,YMTINGFKWWXKFG-UHFFFAOYSA-N,0.0
880,WSEQXVZVJXJVFP-UHFFFAOYSA-N,
881,ZQUSFAUAYSEREK-UHFFFAOYSA-N,
882,JURKNVYFZMSNLP-UHFFFAOYSA-N,1.0
883,PYKBZPLFWBHOHH-UHFFFAOYSA-N,0.0
884,SMLYCPBSJLOVPD-UHFFFAOYSA-N,0.0
885,SCNANPLSNGDYJM-UHFFFAOYSA-N,0.0
886,HKXMQLISPYELRD-UHFFFAOYSA-N,1.0
887,VTOXFJAGHCHRAY-UHFFFAOYSA-N,
888,XQYZDYMELSJDRZ-UHFFFAOYSA-N,
889,LLIGLHYTXFHWLO-UHFFFAOYSA-N,0.0
890,YEWGIGCYIAMFMA-UHFFFAOYSA-N,0.0
891,WKKOBEPTXJLDBD-UHFFFAOYSA-N,0.0
892,ZRXHJPHGYAJOIF-UHFFFAOYSA-N,0.0
893,GSXJSGMDWKPVBY-UHFFFAOYSA-N,1.0
894,KRMDCWKBEZIMAB-UHFFFAOYSA-N,1.0
895,QSLMDECMDJKHMQ-UHFFFAOYSA-N,0.0
896,KCJOEEKCOVYHCV-UHFFFAOYSA-N,
897,JTWOMNBEOCYFNV-NFFDBFGFSA-N,
898,QELDJEKNFOQJOY-ZDUSSCGKSA-N,0.0
899,DQCKKXVULJGBQN-XFWGSAIBSA-N,
900,MJFJKKXQDNNUJF-UHFFFAOYSA-N,
901,SBUXGQJJMZYVEL-UHFFFAOYSA-N,0.0
902,BVPWJMCABCPUQY-UHFFFAOYSA-N,1.0
903,WIKYUJGCLQQFNW-UHFFFAOYSA-N,1.0
904,FLNXBVJLPJNOSI-UHFFFAOYSA-N,
905,LCTZPQRFOZKZNK-UHFFFAOYSA-N,
906,MVMQESMQSYOVGV-OAHLLOKOSA-N,1.0
907,LOUPRKONTZGTKE-LHHVKLHASA-N,
908,MFZWMTSUNYWVBU-UHFFFAOYSA-N,1.0
909,VUSNBQDZGKZEDL-UHFFFAOYSA-N,1.0
910,VVRVXVFZSWROHR-UHFFFAOYSA-N,0.0
911,HTIQEAQVCYTUBX-UHFFFAOYSA-N,
912,ZKDXRFMOHZVXSG-HNNXBMFYSA-N,0.0
913,RCOBWVAGWYRNHZ-UHFFFAOYSA-N,0.0
914,UNBRKDKAWYKMIV-QWQRMKEZSA-N,
915,RQXCLMGKHJWMOA-UHFFFAOYSA-N,
916,ZSCDBOWYZJWBIY-UHFFFAOYSA-N,
917,UIAYVIIHMORPSJ-UHFFFAOYSA-N,0.0
918,GJBJJTZFOJOTTC-UHFFFAOYSA-N,
919,VIKNJXKGJWUCNN-XGXHKTLJSA-N,
920,ICTXHFFSOAJUMG-SLHNCBLASA-N,
921,ZPFXAOWNKLFJDN-UHFFFAOYSA-N,
922,RRGUKTPIGVIEKM-UHFFFAOYSA-N,0.0
923,BRQNSFXYPFYKKF-UHFFFAOYSA-N,0.0
924,QLJOSZATCBCBDR-DFKUFRTHSA-N,0.0
925,GBXSMTUPTTWBMN-XIRDDKMYSA-N,0.0
926,SHGAZHPCJJPHSC-XFYACQKRSA-N,
927,ICMGLRUYEQNHPF-UHFFFAOYSA-N,0.0
928,AGJBLWCLQCKRJP-UHFFFAOYSA-N,
929,CFJMRBQWBDQYMK-UHFFFAOYSA-N,1.0
930,BFCDFTHTSVTWOG-YLJYHZDGSA-N,
931,OHLMTMVIJJPTHW-UHFFFAOYSA-N,0.0
932,QGYZAWCNJCDUSE-UHFFFAOYSA-N,0.0
933,TWWFAXQOKNBUCR-UHFFFAOYSA-N,1.0
934,FLVRDMUHUXVRET-UHFFFAOYSA-N,1.0
935,GDVZXLBQMLKZDB-UHFFFAOYSA-N,1.0
936,PPQNQXQZIWHJRB-UHFFFAOYSA-N,
937,KNRQWYZQUVVSRF-UHFFFAOYSA-N,0.0
938,CDMGBJANTYXAIV-UHFFFAOYSA-N,0.0
939,OCKZFOSIMJBLQD-UHFFFAOYSA-N,0.0
940,FSQKKOOTNAMONP-UHFFFAOYSA-N,0.0
941,BKPISNOVXQINQT-PDGQHHTCSA-N,0.0
942,LLEJIEBFSOEYIV-UHFFFAOYSA-N,
943,AJFFBPZYXRNAIC-UHFFFAOYSA-N,
944,CUFPFUHOCYNHNB-UHFFFAOYSA-N,1.0
945,XWBZNRYIHZLLEP-UHFFFAOYSA-N,
946,LAQIBEHWRBFZQH-UHFFFAOYSA-N,0.0
947,KYWCWBXGRWWINE-UHFFFAOYSA-N,0.0
948,JLPYLHLUHJOPNL-UHFFFAOYSA-N,0.0
949,OZGNYLLQHRPOBR-DHZHZOJOSA-N,
950,JJCFRYNCJDLXIK-UHFFFAOYSA-N,1.0
951,XSOOYTWLQLUBLV-SDNWHVSQSA-N,0.0
952,JVDAHWMLZLAMIO-UHFFFAOYSA-N,
953,UIENYKHISAKOLS-UHFFFAOYSA-N,0.0
954,RKRISZFRMDOHMV-UHFFFAOYSA-N,
955,NGNALWDRPKNJGR-UHFFFAOYSA-N,0.0
956,ZNASCFNVWPEJQA-UHFFFAOYSA-N,0.0
957,HPODVUDKRMAOMR-UHFFFAOYSA-N,0.0
958,QUCQEUCGKKTEBI-UHFFFAOYSA-N,
959,RKLNONIVDFXQRX-UHFFFAOYSA-N,1.0
960,SLDHMWQQBRXOPJ-UHFFFAOYSA-N,1.0
961,LNEPOXFFQSENCJ-UHFFFAOYSA-N,1.0
962,LPEJECVDLDVRQG-UHFFFAOYSA-N,
963,YZVPKTNHPGPCIU-UHFFFAOYSA-N,
964,ZQQBASAIFGTMSU-UHFFFAOYSA-N,0.0
965,LUALIOATIOESLM-UHFFFAOYSA-N,
966,AEJOEPSMZCEYJN-HXUWFJFHSA-N,1.0
967,ZEWQUBUPAILYHI-UHFFFAOYSA-N,1.0
968,ZGXCULSRUGPOMX-UHFFFAOYSA-N,1.0
969,GRTOGORTSDXSFK-XJTZBENFSA-N,1.0
970,WPCWVOQEDYIZGS-UHFFFAOYSA-N,0.0
971,NQWVSMVXKMHKTF-JKSUJKDBSA-N,0.0
972,ZKLPARSLTMPFCP-UHFFFAOYSA-N,
973,JICJBGPOMZQUBB-UHFFFAOYSA-N,
974,FAHXYXLXGLKCBP-UHFFFAOYSA-N,0.0
975,MAEUCLAFSZSYJR-UHFFFAOYSA-N,0.0
976,FNKWINMDYOJBHR-UHFFFAOYSA-N,0.0
977,HQVZOORKDNCGCK-UHFFFAOYSA-N,
978,KRVOJOCLBAAKSJ-UHFFFAOYSA-N,
979,RGCVKNLCSQQDEP-UHFFFAOYSA-N,1.0
980,YNNUSGIPVFPVBX-NHCUHLMSSA-N,1.0
981,BLGXFZZNTVWLAY-SCYLSFHTSA-N,
982,BLGXFZZNTVWLAY-DKJBZYCGSA-N,1.0
983,YRKFVPUHSHIBAT-UHFFFAOYSA-N,
984,UIAGMCDKSXEBJQ-UHFFFAOYSA-N,
985,SLVMESMUVMCQIY-UHFFFAOYSA-N,
986,GKNPSSNBBWDAGH-UHFFFAOYSA-N,
987,IMSSROKUHAOUJS-MJCUULBUSA-N,
988,XOFYZVNMUHMLCC-ZPOLXVRWSA-N,
989,ZQDWXGKKHFNSQK-UHFFFAOYSA-N,
990,WOHOPYMSIBACDV-UHFFFAOYSA-N,1.0
991,GFNANZIMVAIWHM-OBYCQNJPSA-N,
992,HQGDPZPNAXRCSA-UHFFFAOYSA-N,1.0
993,KPJZHOPZRAFDTN-ZRGWGRIASA-N,
994,SRUISGSHWFJION-UHFFFAOYSA-N,1.0
995,ZJJXGWJIGJFDTL-UHFFFAOYSA-N,0.0
996,OGAKLTJNUQRZJU-UHFFFAOYSA-N,1.0
997,UYNVMODNBIQBMV-UHFFFAOYSA-N,
998,VFDHMSXXELYMRW-ICSRJNTNSA-N,0.0
999,JWHAUXFOSRPERK-UHFFFAOYSA-N,
1000,NETZHAKZCGBWSS-CEDHKZHLSA-N,
1001,FEZBIKUBAYAZIU-UHFFFAOYSA-N,0.0
1002,GAXAQCUOYOCDGP-UHFFFAOYSA-N,
1003,JGMOKGBVKVMRFX-HQZYFCCVSA-N,
1004,WWYNJERNGUHSAO-XUDSTZEESA-N,
1005,CHNXZKVNWQUJIB-CEGNMAFCSA-N,
1006,OIGNJSKKLXVSLS-VWUMJDOOSA-N,
1007,MFYSYFVPBJMHGN-ZPOLXVRWSA-N,
1008,UVTNFZQICZKOEM-UHFFFAOYSA-N,
1009,OXZMQFKVNVQMLI-UHFFFAOYSA-N,
1010,RJKFOVLPORLFTN-LEKSSAKUSA-N,
1011,JYGXADMDTFJGBT-VWUMJDOOSA-N,
1012,QWCRAEMEVRGPNT-UHFFFAOYSA-N,0.0
1013,QCPYMEACPSNFNB-UHFFFAOYSA-N,0.0
1014,QXYPVJXRFOEQBR-VBKFSLOCSA-N,
1015,HVELMGFBVFHJIR-UHFFFAOYSA-N,0.0
1016,FHYUGAJXYORMHI-UHFFFAOYSA-N,1.0
1017,BBHGOGWYKOOQFU-UHFFFAOYSA-N,0.0
1018,VNFPBHJOKIVQEB-UHFFFAOYSA-N,1.0
1019,RRJLJKRFFRZRAF-UHFFFAOYSA-N,0.0
1020,GRGGCAJTHAXZHH-LFIBNONCSA-N,1.0
1021,OCAPBUJLXMYKEJ-UHFFFAOYSA-N,
1022,SHVHJSCNQWOBBI-UHFFFAOYSA-N,1.0
1023,KHOITXIGCFIULA-UHFFFAOYSA-N,0.0
1024,XLGZUCLOYKPZHM-UNOMPAQXSA-N,0.0
1025,KNVXXUYZHQCJPS-UHFFFAOYSA-N,0.0
1026,BUZAJRPLUGXRAB-UHFFFAOYSA-N,1.0
1027,MNRIXBGUJBMPDM-UHFFFAOYSA-N,
1028,LVYVUROZBDFRGK-UHFFFAOYSA-N,0.0
1029,MRLJBASOVPJJIA-JXAWBTAJSA-N,0.0
1030,WQBBOQYKNAHQOL-UHFFFAOYSA-N,0.0
1031,MDMWHKZANMNXTF-UHFFFAOYSA-N,0.0
1032,RMEDXOLNCUSCGS-UHFFFAOYSA-N,1.0
1033,SMYALUSCZJXWHG-UHFFFAOYSA-N,
1034,FPCCSQOGAWCVBH-UHFFFAOYSA-N,0.0
1035,OIECWUVIVYHSMW-UHFFFAOYSA-N,0.0
1036,FSZZPPMHTJCPBD-UHFFFAOYSA-N,
1037,YJGVMLPVUAXIQN-XVVDYKMHSA-N,
1038,JCCNYMKQOSZNPW-UHFFFAOYSA-N,0.0
1039,AKNNEGZIBPJZJG-QZTJIDSGSA-N,1.0
1040,MBUVEWMHONZEQD-UHFFFAOYSA-N,
1041,FGXWKSZFVQUSTL-UHFFFAOYSA-N,1.0
1042,YUXMTDYHFPRPLG-UHFFFAOYSA-N,0.0
1043,FEBOTPHFXYHVPL-UHFFFAOYSA-N,1.0
1044,WFPIAZLQTJBIFN-DVZOWYKESA-N,
1045,FUBVWMNBEHXPSU-UHFFFAOYSA-N,0.0
1046,SZWKGOZKRMMLAJ-UHFFFAOYSA-N,0.0
1047,IAKHMKGGTNLKSZ-INIZCTEOSA-N,1.0
1048,FJUKDAZEABGEIH-UHFFFAOYSA-N,1.0
1049,FTJXZACAQRDRNT-UHFFFAOYSA-N,1.0
1050,HDOIPCLEKCEANF-UHFFFAOYSA-N,
1051,DDNCQMVWWZOMLN-IRLDBZIGSA-N,
1052,NGBKFLTYGSREKK-PMACEKPBSA-N,0.0
1053,HSUGRBWQSSZJOP-LEWJYISDSA-N,0.0
1054,HSUGRBWQSSZJOP-RTWAWAEBSA-N,0.0
1055,FFYWTGVQTAIHMC-UHFFFAOYSA-N,0.0
1056,DQOXDNAAMXCTPB-UHFFFAOYSA-N,1.0
1057,RILWIHZZVLHXNW-UHFFFAOYSA-N,0.0
1058,HOOSGZJRQIVJSZ-UHFFFAOYSA-N,
1059,YBEZORYMVISYOA-UHFFFAOYSA-N,0.0
1060,YIDPKGRSWRIPAA-UHFFFAOYSA-N,0.0
1061,CJVQRFZCPZIECX-UHFFFAOYSA-N,0.0
1062,YUGZHQHSNYIFLG-UHFFFAOYSA-N,
1063,KUBONGDXTUOOLM-UHFFFAOYSA-N,0.0
1064,POZRVZJJTULAOH-LHZXLZLDSA-N,
1065,RZRPZWGIOOZIBE-UHFFFAOYSA-N,1.0
1066,WXURHACBFYSXBI-GQKYHHCASA-N,
1067,KKZJGLLVHKMTCM-UHFFFAOYSA-N,0.0
1068,WPUKUEMZZRVAKZ-UHFFFAOYSA-N,
1069,QMKBNQSBQGDFHU-UHFFFAOYSA-N,1.0
1070,KZBGGLZPIXJGLN-UHFFFAOYSA-N,0.0
1071,FAOZLTXFLGPHNG-KNAQIMQKSA-N,
1072,UREBDLICKHMUKA-CXSFZGCWSA-N,
1073,UREBDLICKHMUKA-DVTGEIKXSA-N,
1074,MDTLAHMQZNZXSI-UHFFFAOYSA-N,0.0
1075,SUOMPPQLAHWIBL-UHFFFAOYSA-N,1.0
1076,RXWNCPJZOCPEPQ-NVWDDTSBSA-N,
1077,WVZSEUPGUDIELE-HTAPYJJXSA-N,0.0
1078,RVMBDLSFFNKKLG-GOSISDBHSA-N,1.0
1079,VZYCZNZBPPHOFY-UHFFFAOYSA-N,
1080,BNRNXUUZRGQAQC-UHFFFAOYSA-N,
1081,VHRSUDSXCMQTMA-PJHHCJLFSA-N,
1082,AYYCFGDXLUPJAQ-UHFFFAOYSA-N,0.0
1083,VSBHRRMYCDQLJF-ZDNYCOCVSA-N,
1084,XIQVNETUBQGFHX-UHFFFAOYSA-N,
1085,GZENKSODFLBBHQ-ILSZZQPISA-N,
1086,PDMMFKSKQVNJMI-BLQWBTBKSA-N,0.0
1087,KJILWBZUTQOJFA-UHFFFAOYSA-N,
1088,YLEARPUNMCCKMP-DOFZRALJSA-N,0.0
1089,IBQMHBGFMLHHLE-UHFFFAOYSA-N,1.0
1090,AGKRHAILCPYNFH-DUQSFWPASA-N,
1091,FGOXEPZAFHIOER-UHFFFAOYSA-N,0.0
1092,ZGEFYVLRNRIVJL-UHFFFAOYSA-N,
1093,FQQIMKOHFSKRNY-UHFFFAOYSA-N,1.0
1094,GLNJUZAIPKMZOH-UHFFFAOYSA-N,0.0
1095,LMPZHLXYBWGGNT-UHFFFAOYSA-N,1.0
1096,FPELRVRVQZJDHZ-YPKPFQOOSA-N,
1097,MBGGBVCUIVRRBF-UHFFFAOYSA-N,0.0
1098,KQMWGMYCERRTFP-FMIVXFBMSA-N,1.0
1099,BFPSDSIWYFKGBC-UHFFFAOYSA-N,0.0
1100,CMHQDSBIBSKHFP-UHFFFAOYSA-N,0.0
1101,ZTRWCLRJZHJKAF-UHFFFAOYSA-N,0.0
1102,XMJIRJQSDSUUTG-UHFFFAOYSA-N,
1103,LJSBBBWQTLXQEN-UHFFFAOYSA-N,0.0
1104,LMEBUDRQJGLULG-UHFFFAOYSA-N,0.0
1105,NFJSJDPZIWMCCE-UHFFFAOYSA-N,0.0
1106,DXCMUDWXIWURQG-UHFFFAOYSA-N,0.0
1107,JUVIOZPCNVVQFO-HBGVWJBISA-N,
1108,BJSDNVVWJYDOLK-UHFFFAOYSA-N,0.0
1109,PYEFPDQFAZNXLI-UHFFFAOYSA-N,0.0
1110,LYURDMGWTPAOKT-UHFFFAOYSA-N,1.0
1111,CUTUECHMSUWIPQ-WQRHYEAKSA-N,0.0
1112,QDMAKDIDFJTXEL-UHFFFAOYSA-N,
1113,JHOTYHDSLIUKCJ-UHFFFAOYSA-N,0.0
1114,NMKSAYKQLCHXDK-UHFFFAOYSA-N,
1115,ZAGAUUVCYGSPBP-UHFFFAOYSA-N,1.0
1116,UBHKJRYGKOSQDJ-UHFFFAOYSA-N,0.0
1117,IYJMSEMFSSBVGH-UHFFFAOYSA-N,0.0
1118,WIKGFSQXRKPATH-UHFFFAOYSA-N,0.0
1119,AVXQPEKZIGPIJW-UHFFFAOYSA-N,1.0
1120,AQASGOHUMGAWJJ-UHFFFAOYSA-N,0.0
1121,RUZYUOTYCVRMRZ-UHFFFAOYSA-N,
1122,DKGZKTPJOSAWFA-UHFFFAOYSA-N,1.0
1123,RAPZEAPATHNIPO-UHFFFAOYSA-N,1.0
1124,SJDOMIRMMUGQQK-UHFFFAOYSA-N,
1125,VDKBIFPJULZUPU-UHFFFAOYSA-N,
1126,DZWLZPWRNXQUGF-UHFFFAOYSA-N,0.0
1127,IVBHGBMCVLDMKU-GXNBUGAJSA-N,
1128,BKIOGOWYGSGBSJ-UHFFFAOYSA-N,1.0
1129,ZNNLBTZKUZBEKO-UHFFFAOYSA-N,0.0
1130,DCSUBABJRXZOMT-RBBKRZOGSA-N,1.0
1131,QMBJSIBWORFWQT-DFXBJWIESA-N,
1132,NNAIYOXJNVGUOM-UHFFFAOYSA-N,
1133,IIVBFTNIGYRNQY-YQLZSBIMSA-N,
1134,SNTQPLDRUZOSDP-UHFFFAOYSA-N,1.0
1135,ALEXXDVDDISNDU-JZYPGELDSA-N,
1136,AJLFOPYRIVGYMJ-INTXDZFKSA-N,
1137,DBEPLOCGEIEOCV-WSBQPABSSA-N,
1138,TUZYXOIXSAXUGO-PZAWKZKUSA-N,
1139,JTNUVYOOMCJUPT-UHFFFAOYSA-N,0.0
1140,BMCGMJYOCVEJAB-WJDWOHSUSA-N,0.0
1141,ZYOPHNLIMLMZHQ-UHFFFAOYSA-N,1.0
1142,OTGWKWLVMHNKNV-XMHGGMMESA-N,0.0
1143,LVQVEKLXWORDSL-UHFFFAOYSA-N,0.0
1144,TYYBFXNZMFNZJT-UHFFFAOYSA-N,0.0
1145,IOTXSIGGFRQYKW-UHFFFAOYSA-N,
1146,USMJFZYNIFTLDL-UHFFFAOYSA-N,1.0
1147,VZZWBMBAXOFQMQ-UHFFFAOYSA-N,
1148,DCJCSWSWGMNFNW-UHFFFAOYSA-N,
1149,FDORQEIHOKEJNX-HSZRJFAPSA-N,
1150,NMJLQMBUDFXZOL-UHFFFAOYSA-N,0.0
1151,LGAQKLZPUUURLS-UHFFFAOYSA-N,0.0
1152,SPIUTQOUKAMGCX-UHFFFAOYSA-N,1.0
1153,YSEXMKHXIOCEJA-FVFQAYNVSA-N,
1154,IFMQODYDAUKKEN-UHFFFAOYSA-N,0.0
1155,OGHNVEJMJSYVRP-UHFFFAOYSA-N,
1156,ONWXNHPOAGOMTG-UHFFFAOYSA-N,0.0
1157,HRRBJVNMSRJFHQ-UHFFFAOYSA-N,
1158,KLTSZBAFPQFRLD-UHFFFAOYSA-N,0.0
1159,XPCFTKFZXHTYIP-PMACEKPBSA-N,
1160,APIUJQLXJPJERX-UHFFFAOYSA-N,0.0
1161,XLZHXAXXJVKTFM-UHFFFAOYSA-N,1.0
1162,JFNKXGOEOQCXDM-UHFFFAOYSA-N,0.0
1163,SEUNNIKTRAVCDH-UHFFFAOYSA-N,0.0
1164,ACWBQPMHZXGDFX-QFIPXVFZSA-N,
1165,WOVQBAKDGWRITN-UHFFFAOYSA-N,
1166,ZOWYFYXTIWQBEP-UHFFFAOYSA-N,0.0
1167,AKUJBENLRBOFTD-RPRRAYFGSA-N,
1168,XSFJVAJPIHIPKU-XWCQMRHXSA-N,
1169,GNUXVOXXWGNPIV-UHFFFAOYSA-N,
1170,MUQNGPZZQDCDFT-JNQJZLCISA-N,
1171,RQZAXGRLVPAYTJ-GQFGMJRRSA-N,
1172,LXMSZDCAJNLERA-ZHYRCANASA-N,
1173,POPFMWWJOGLOIF-XWCQMRHXSA-N,
1174,KBAFPSLPKGSANY-UHFFFAOYSA-N,
1175,UIEATEWHFDRYRU-UHFFFAOYSA-N,
1176,WIGIZIANZCJQQY-UHFFFAOYSA-N,0.0
1177,QTTRZHGPGKRAFB-OOKHYKNYSA-N,
1178,PCZOHLXUXFIOCF-BXMDZJJMSA-N,
1179,IZEKFCXSFNUWAM-UHFFFAOYSA-N,0.0
1180,IUMQXQJZIHWLIN-HSZRJFAPSA-N,0.0
1181,MLUHBNBLLWQMDJ-UHFFFAOYSA-N,
1182,FIJGPYYANFEKGF-UHFFFAOYSA-N,0.0
1183,OFLUEWCNSWBQMJ-UHFFFAOYSA-N,
1184,WKVSORVFMULQOF-UHFFFAOYSA-N,
1185,VQIHVNJYEXYLGL-UHFFFAOYSA-N,0.0
1186,QMGUOJYZJKLOLH-UHFFFAOYSA-N,0.0
1187,MGCQYWNPOGORCE-PTGBLXJZSA-N,1.0
1188,GKTLATIRVIDXLX-UHFFFAOYSA-N,1.0
1189,VRTFGHPYBQPDIG-UHFFFAOYSA-N,0.0
1190,OCJYIGYOJCODJL-UHFFFAOYSA-N,
1191,STJDQUHURWGTBV-UHFFFAOYSA-N,1.0
1192,AEGHTOQCTCAWMW-UHFFFAOYSA-N,0.0
1193,RQTQCYHOOHOASI-UHFFFAOYSA-N,
1194,CJIQQWDNAAATEV-UHFFFAOYSA-N,
1195,DFDYEYULIXRTID-UHFFFAOYSA-N,
1196,FHTZPDQLIGELRN-UHFFFAOYSA-N,0.0
1197,UYIFTLBWAOGQBI-BZDYCCQFSA-N,
1198,IYIKLHRQXLHMJQ-UHFFFAOYSA-N,0.0
1199,WZHJKEUHNJHDLS-QTGUNEKASA-N,
1200,JSDRRTOADPPCHY-HSQYWUDLSA-N,
1201,UWKFXMULYPFETC-UHFFFAOYSA-N,0.0
1202,WMWTYOKRWGGJOA-CENSZEJFSA-N,
1203,VRBKIVRKKCLPHA-UHFFFAOYSA-N,
1204,VYVKHNNGDFVQGA-UHFFFAOYSA-N,
1205,GIIZNNXWQWCKIB-UHFFFAOYSA-N,
1206,RYMZZMVNJRMUDD-HGQWONQESA-N,
1207,KCGSIUAAEXGOFA-UHFFFAOYSA-N,1.0
1208,KHJFBUUFMUBONL-UHFFFAOYSA-N,0.0
1209,YEJCDKJIEMIWRQ-UHFFFAOYSA-N,
1210,LSIJVGVQXDFLSS-UHFFFAOYSA-N,0.0
1211,MQNYRKWJSMQECI-QFIPXVFZSA-N,0.0
1212,SMANXXCATUTDDT-QPJJXVBHSA-N,
1213,LCDTZVWYGFPOLV-UHFFFAOYSA-N,0.0
1214,MVWVZBVKGFTXOW-UHFFFAOYSA-N,0.0
1215,BFVNEYDCFJNLGN-UHFFFAOYSA-N,
1216,AJBBEYXFRYFVNM-UHFFFAOYSA-N,0.0
1217,RMRMZYPGKLMUFK-UHFFFAOYSA-N,
1218,ZGBDOUWUMKSJJF-UHFFFAOYSA-N,
1219,DERZBLKQOCDDDZ-JLHYYAGUSA-N,
1220,CFNNZWFCMGXNGQ-UHFFFAOYSA-N,0.0
1221,PAIZXMTYRRASII-UHFFFAOYSA-N,0.0
1222,ZBBHBTPTTSWHBA-UHFFFAOYSA-N,
1223,KNRRWJMZMCKYOX-UHFFFAOYSA-N,0.0
1224,UXAPDUYGWUVEAS-UHFFFAOYSA-N,1.0
1225,NKANXQFJJICGDU-QPLCGJKRSA-N,
1226,BLSQLHNBWJLIBQ-OZXSUGGESA-N,
1227,FSBGJVDQCVGUAA-UHFFFAOYSA-N,
1228,MNHDKMDLOJSCGN-UHFFFAOYSA-N,1.0
1229,WJOHZNCJWYWUJD-IUGZLZTKSA-N,
1230,BOBLHFUVNSFZPJ-JOYXJVLSSA-N,
1231,BKVIWGRFRKLFIO-UHFFFAOYSA-N,1.0
1232,KORNTPPJEAJQIU-KJXAQDMKSA-N,
1233,KUECXUACQOYKNB-UHFFFAOYSA-N,0.0
1234,HOVMMDREJSUEDD-UHFFFAOYSA-N,0.0
1235,NVWFNGRWBYLOQL-HAHDFKILSA-N,0.0
1236,YKILRQIFJMFKJA-UHFFFAOYSA-N,0.0
1237,CPHPEVVWPKIKAA-UHFFFAOYSA-N,0.0
1238,DSEIKQVUTKGLGT-UHFFFAOYSA-N,
1239,WGQPJPGVHXXIAT-UHFFFAOYSA-N,1.0
1240,STQGQHZAVUOBTE-VGBVRHCVSA-N,0.0
1241,AOJJSUZBOXZQNB-TZSSRYMLSA-N,
1242,WOFMFGQZHJDGCX-ZULDAHANSA-N,
1243,IRTDEDTUPFTRPS-UHFFFAOYSA-N,0.0
1244,HZZZZODVDSHQRG-UHFFFAOYSA-N,0.0
1245,LLJFMFZYVVLQKT-UHFFFAOYSA-N,0.0
1246,SXYZQZLHAIHKKY-GSTUPEFVSA-N,
1247,FAEKWTJYAYMJKF-QHCPKHFHSA-N,0.0
1248,FNPXMHRZILFCKX-KAJVQRHHSA-N,
1249,WGIDFDFAOQVAHY-UFPGJGBJSA-N,0.0
1250,LBLDMHBSVIVJPM-YZIHRLCOSA-N,0.0
1251,SGTNSNPWRIOYBX-UHFFFAOYSA-N,
1252,LWQQLNNNIPYSNX-UROSTWAQSA-N,
1253,GMRQFYUYWCNGIN-NKMMMXOESA-N,
1254,YZHUUWXJCMXZCW-HMAPJEAMSA-N,0.0
1255,IEDDUUCBRAGPHC-UHFFFAOYSA-N,0.0
1256,GZUITABIAKMVPG-UHFFFAOYSA-N,1.0
1257,YVUQSNJEYSNKRX-UHFFFAOYSA-N,0.0
1258,JRNUKVFYILMMLX-UHFFFAOYSA-N,1.0
1259,GXDALQBWZGODGZ-UHFFFAOYSA-N,1.0
1260,ZWLIOLNWONUVEB-UHFFFAOYSA-N,1.0
1261,NAUWTFJOPJWYOT-UHFFFAOYSA-N,1.0
1262,SRNJFFZNRXKBLI-PFCXFHTISA-N,1.0
1263,RAQPOZGWANIDQT-UHFFFAOYSA-N,1.0
1264,XTZUPNNVXIMWAR-UHFFFAOYSA-N,0.0
1265,KUVIULQEHSCUHY-XYWKZLDCSA-N,
1266,VUWXAQFLTSBUDB-UHFFFAOYSA-N,0.0
1267,KQWVAUSXZDRQPZ-UMTXDNHDSA-N,1.0
1268,XQLWNAFCTODIRK-UHFFFAOYSA-N,
1269,FTLDJPRFCGDUFH-UHFFFAOYSA-N,1.0
1270,GEZMALYAXNUEJF-JUCUOUSCSA-N,1.0
1271,QOYHHIBFXOOADH-UHFFFAOYSA-N,1.0
1272,YDBCEBYHYKAFRX-UHFFFAOYSA-N,
1273,KTUFNOKKBVMGRW-UHFFFAOYSA-N,
1274,WQTGKLHQESDVBY-UXJUWBFNSA-N,1.0
1275,VJJPUSNTGOMMGY-MRVIYFEKSA-N,
1276,RDOIQAHITMMDAJ-UHFFFAOYSA-N,1.0
1277,VKHAHZOOUSRJNA-GCNJZUOMSA-N,
1278,HBNPJJILLOYFJU-VMPREFPWSA-N,1.0
1279,AUVVAXYIELKVAI-CKBKHPSWSA-N,
1280,LPMXVESGRSUGHW-HBYQJFLCSA-N,
1281,PKNYXWMTHFMHKD-UHFFFAOYSA-N,
1282,TXWWUPZFSFCKAH-FEPJPVGFSA-N,1.0
1283,OCFSEPBSLYJRJI-UHFFFAOYSA-N,0.0
1284,QBKSWRVVCFFDOT-UHFFFAOYSA-N,0.0
1285,DXZKTRNEOISOCA-UHFFFAOYSA-N,1.0
1286,XFQNPVRVZXSQSI-IQURWINISA-N,1.0
1287,ZBIAKUMOEKILTF-UHFFFAOYSA-N,1.0
1288,JARNORYOPMINDY-UHFFFAOYSA-N,0.0
1289,NWCSVPLYCSMGDA-UHFFFAOYSA-N,0.0
1290,JEMJAABFSYOLAP-UHFFFAOYSA-N,0.0
1291,UJYGDMFEEDNVBF-OGGGUQDZSA-N,
1292,QVZCXCJXTMIDME-UHFFFAOYSA-N,0.0
1293,RWTNPBWLLIMQHL-UHFFFAOYSA-N,
1294,OZVBMTJYIDMWIL-AYFBDAFISA-N,
1295,YDOTUXAWKBPQJW-NSLWYYNWSA-N,
1296,JTUINJHDTNXECT-IWWXRALLSA-N,0.0
1297,GHOSNRCGJFBJIB-UHFFFAOYSA-N,
1298,KFRNSSKSYNGVQA-PICNGLBESA-N,0.0
1299,OBZHEBDUNPOCJG-WBXJDKIVSA-N,
1300,SZLZWPPUNLXJEA-QEGASFHISA-N,
1301,WQNVBEYGWAEVOI-ARROIKNCSA-N,0.0
1302,SVJMLYUFVDMUHP-XIFFEERXSA-N,1.0
1303,QWAXKHKRTORLEM-UGJKXSETSA-N,
1304,VFIZBHJTOHUOEK-UHFFFAOYSA-N,0.0
1305,TYQXKHPOXXXCTP-CSLYCKPJSA-N,
1306,LTMHDMANZUZIPE-PUGKRICDSA-N,
1307,RXZBMPWDPOLZGW-XMRMVWPWSA-N,
1308,RCINICONZNJXQF-MZXODVADSA-N,0.0
1309,XSSNABKEYXKKMK-UHFFFAOYSA-N,0.0
1310,BZKPWHYZMXOIDC-UHFFFAOYSA-N,0.0
1311,VSWDORGPIHIGNW-UHFFFAOYSA-N,0.0
1312,PMATZTZNYRCHOR-CGLBZJNRSA-N,
1313,CWRVKFFCRWGWCS-UHFFFAOYSA-N,0.0
1314,LHVRFUVVRXGZPV-UHFFFAOYSA-N,0.0
1315,FOCVUCIESVLUNU-UHFFFAOYSA-N,
1316,OLHQOJYVQUNWPL-UHFFFAOYSA-N,0.0
1317,YXRXEPZMAPZYMM-UHFFFAOYSA-N,0.0
1318,GJQPMPFPNINLKP-UHFFFAOYSA-N,0.0
1319,RDXLYGJSWZYTFJ-UHFFFAOYSA-N,0.0
1320,HDFGOPSGAURCEO-UHFFFAOYSA-N,0.0
1321,XSDQTOBWRPYKKA-UHFFFAOYSA-N,0.0
1322,PCLITLDOTJTVDJ-UHFFFAOYSA-N,1.0
1323,ORLGLBZRQYOWNA-UHFFFAOYSA-N,0.0
1324,PQFRTXSWDXZRRS-UHFFFAOYSA-N,0.0
1325,VAOCPAMSLUNLGC-UHFFFAOYSA-N,0.0
1326,IPWKIXLWTCNBKN-UHFFFAOYSA-N,
1327,OFKWWALNMPEOSZ-UHFFFAOYSA-N,0.0
1328,CFOYWRHIYXMDOT-UHFFFAOYSA-N,0.0
1329,KNAHARQHSZJURB-UHFFFAOYSA-N,0.0
1330,DFTATZQBDBNHLQ-UHFFFAOYSA-N,
1331,KPQZUUQMTUIKBP-UHFFFAOYSA-N,
1332,NFSTZPMYAZRZPC-UHFFFAOYSA-N,
1333,TZFWDZFKRBELIQ-UHFFFAOYSA-N,0.0
1334,YGCODSQDUUUKIV-UHFFFAOYSA-N,0.0
1335,PQCAUHUKTBHUSA-UHFFFAOYSA-N,0.0
1336,JBMKAUGHUNFTOL-UHFFFAOYSA-N,0.0
1337,YGSDEFSMJLZEOE-UHFFFAOYSA-N,
1338,YDTDKKULPWTHRV-UHFFFAOYSA-N,0.0
1339,ZSJNJAJDBNFVCA-UHFFFAOYSA-N,
1340,JZUFKLXOESDKRF-UHFFFAOYSA-N,0.0
1341,HCJOLYFWJWJPTJ-UHFFFAOYSA-N,
1342,QUNWUDVFRNGTCO-UHFFFAOYSA-N,0.0
1343,ZFXYFBGIUFBOJW-UHFFFAOYSA-N,
1344,QWZFVMCWPLMLTL-UHFFFAOYSA-N,0.0
1345,DIHXJZHAIHGSAW-UHFFFAOYSA-N,
1346,PDWUPXJEEYOOTR-UHFFFAOYSA-N,1.0
1347,AEOCXXJPGCBFJA-UHFFFAOYSA-N,0.0
1348,RYYVLZVUVIJVGH-UHFFFAOYSA-N,
1349,YCOFRPYSZKIPBQ-UHFFFAOYSA-N,
1350,CJAWPFJGFFNXQI-UHFFFAOYSA-N,0.0
1351,CUQCMXFWIMOWRP-UHFFFAOYSA-N,0.0
1352,DZGWFCGJZKJUFP-UHFFFAOYSA-N,0.0
1353,UUQMNUMQCIQDMZ-UHFFFAOYSA-N,
1354,HJLSLZFTEKNLFI-UHFFFAOYSA-N,0.0
1355,ORRZGUBHBVWWOP-UHFFFAOYSA-N,0.0
1356,HJJPJSXJAXAIPN-UHFFFAOYSA-N,0.0
1357,XUFQPHANEAPEMJ-UHFFFAOYSA-N,0.0
1358,WXNXCEHXYPACJF-ZETCQYMHSA-N,0.0
1359,GHAXSYPBTJDEFE-UHFFFAOYSA-N,0.0
1360,AVBSIKMUAFYZAV-UHFFFAOYSA-N,0.0
1361,RWVIMCIPOAXUDG-UHFFFAOYSA-N,0.0
1362,FTALBRSUTCGOEG-UHFFFAOYSA-N,0.0
1363,NXFQHRVNIOXGAQ-YCRREMRBSA-N,
1364,GDLBFKVLRPITMI-UHFFFAOYSA-N,0.0
1365,PLHJDBGFXBMTGZ-WEVVVXLNSA-N,
1366,LMJSLTNSBFUCMU-UHFFFAOYSA-N,
1367,QOVTVIYTBRHADL-UHFFFAOYSA-N,0.0
1368,DMDGGSIALPNSEE-UHFFFAOYSA-N,0.0
1369,PETSAYFQSGAEQY-UHFFFAOYSA-N,0.0
1370,RPTUSVTUFVMDQK-UHFFFAOYSA-N,0.0
1371,OSDLLIBGSJNGJE-UHFFFAOYSA-N,
1372,LBHIOVVIQHSOQN-UHFFFAOYSA-N,0.0
1373,RZVAJINKPMORJF-UHFFFAOYSA-N,0.0
1374,QLNWXBAGRTUKKI-UHFFFAOYSA-N,
1375,DPNGWXJMIILTBS-UHFFFAOYSA-N,0.0
1376,CXUCKELNYMZTRT-UHFFFAOYSA-N,0.0
1377,XPFRXWCVYUEORT-UHFFFAOYSA-N,
1378,SFRUXVFIUOZPQP-UHFFFAOYSA-N,0.0
1379,VACCAVUAMIDAGB-UHFFFAOYSA-N,0.0
1380,BGKVIAKFOYSKOZ-UHFFFAOYSA-N,0.0
1381,AIHKMGLJGLKLSI-UHFFFAOYSA-N,0.0
1382,RKVRGRXOYDTUEY-QMMMGPOBSA-N,
1383,XQFRJNBWHJMXHO-RRKCRQDMSA-N,
1384,BLFLLBZGZJTVJG-UHFFFAOYSA-N,0.0
1385,WPNJAUFVNXKLIM-UHFFFAOYSA-N,0.0
1386,NWPRCRWQMGIBOT-UHFFFAOYSA-N,0.0
1387,NYMGNSNKLVNMIA-UHFFFAOYSA-N,0.0
1388,GFUSIYBQDRVGCD-UHFFFAOYSA-N,0.0
1389,UQDVRVNMIJAGRK-UHFFFAOYSA-N,1.0
1390,SONNWYBIRXJNDC-VIFPVBQESA-N,0.0
1391,NZASCBIBXNPDMH-UHFFFAOYSA-N,0.0
1392,MCNGUYXRBCIGOV-UHFFFAOYSA-N,0.0
1393,WRJPSSPFHGNBMG-UHFFFAOYSA-N,
1394,FAKRSMQSSFJEIM-RQJHMYQMSA-N,
1395,KOWVJDFMEZKDDT-UHFFFAOYSA-N,0.0
1396,UUVWYPNAQBNQJQ-UHFFFAOYSA-N,0.0
1397,SUGXUUGGLDCZKB-UHFFFAOYSA-N,
1398,RPXVIAFEQBNEAX-UHFFFAOYSA-N,0.0
1399,QCDFBFJGMNKBDO-UHFFFAOYSA-N,0.0
1400,UXZFQZANDVDGMM-UHFFFAOYSA-N,
1401,ZYGHJZDHTFUPRJ-UHFFFAOYSA-N,
1402,ATEFPOUAMCWAQS-UHFFFAOYSA-N,
1403,ILEDWLMCKZNDJK-UHFFFAOYSA-N,0.0
1404,PYZRQGJRPPTADH-UHFFFAOYSA-N,1.0
1405,LMEKQMALGUDUQG-UHFFFAOYSA-N,0.0
1406,LFUJIPVWTMGYDG-UHFFFAOYSA-N,0.0
1407,LKHRMULASXZCLG-UHFFFAOYSA-N,
1408,YJDAOHJWLUNFLX-UHFFFAOYSA-N,1.0
1409,INJOMKTZOLKMBF-UHFFFAOYSA-N,0.0
1410,JNMRHUJNCSQMMB-UHFFFAOYSA-N,0.0
1411,NXRCDGIGKSHKAP-UHFFFAOYSA-N,0.0
